alpha,coord0,coord1,coord2,coord3,coord4,coord5,coord6,coord7,coord8,coord9,coord10,time
1.25e-05,"(0.0, 0.0)","(1.3614109839465982e-14, -3.235447542222947e-08)","(1.1307621505807219e-13, -1.3441741596253717e-07)","(4.002076448017533e-13, -3.1534141268325246e-07)","(1.0004219674897286e-12, -5.873666414802909e-07)","(2.0761170560490427e-12, -9.676376968992513e-07)","(3.851086116668512e-12, -1.4817317377197224e-06)","(6.663947171858808e-12, -2.1714545634781085e-06)","(1.1107226249862379e-11, -3.115841388814931e-06)","(1.9979129461944467e-11, -4.512247831629893e-06)","(1.168327623535248e-08, -8.282591803031949e-06)",0.01105709999683313
0.384012375,"(0.0, 0.0)","(1.1418018957272402e-05, -0.000933346009221818)","(9.542763270697918e-05, -0.0038799326176645428)","(0.0003380122401641372, -0.009106779940820622)","(0.0008457436282399422, -0.016969241066685643)","(0.001756796856209053, -0.02796328911889021)","(0.003261897933760638, -0.04282710779763293)","(0.005649666858187685, -0.06276567588622643)","(0.009426282282913867, -0.09005598150938392)","(0.015767916674482407, -0.13038476174579008)","(0.03546058856892487, -0.24063785970725604)",0.010022800008300692
0.76801225,"(0.0, 0.0)","(3.513332674621311e-05, -0.0016113541734212652)","(0.00029422384752525454, -0.006707994829288583)","(0.001044333397132391, -0.015764102588977102)","(0.0026186767612517703, -0.02940484207932326)","(0.005451822951583418, -0.048496789935430974)","(0.010146543731979152, -0.07432375983780024)","(0.017618286467051603, -0.10897572727499291)","(0.029475850617008748, -0.15639742395097095)","(0.04945850853321632, -0.22644039971479255)","(0.111779079760846, -0.4177406247674817)",0.010443500010296702
1.152012125,"(0.0, 0.0)","(5.813847801222627e-05, -0.002032543420255905)","(0.000488026185484991, -0.008475815129711326)","(0.0017365378787897734, -0.019949573175690495)","(0.004365944307112679, -0.03726486800500416)","(0.009115414647471287, -0.06153990454544026)","(0.017017649484751096, -0.09442533161093679)","(0.029650424647066354, -0.13860250048462622)","(0.04979773066389598, -0.19912644656722778)","(0.08393900870237492, -0.28861373627551506)","(0.1911703130992909, -0.5332995144473123)",0.009078799979761243
1.536012,"(0.0, 0.0)","(7.628754278630329e-05, -0.0022812116553822975)","(0.0006418324642400858, -0.009528790741476154)","(0.0022894632965087536, -0.022464118088367124)","(0.0057716465954683605, -0.042027555823713376)","(0.012086370761244358, -0.0695124411972307)","(0.02263998008963336, -0.10682552034893342)","(0.03959782760041636, -0.1570624323703396)","(0.06680348151719617, -0.22605699548992592)","(0.11322775639513982, -0.3283577186693699)","(0.26041063800487363, -0.6091678241115595)",0.011396799993235618
1.920011875,"(0.0, 0.0)","(8.961939241673017e-05, -0.0024233392680729506)","(0.0007555552913729169, -0.010138150513722672)","(0.0027012773477833596, -0.023937484920907935)","(0.006827234293248996, -0.04485410782625029)","(0.014338410896830661, -0.07430871113189147)","(0.0269485552658133, -0.11439791873473495)","(0.04731989326877206, -0.1685300812105565)","(0.08021361417897255, -0.24313410675464903)","(0.13679157012346865, -0.3542368165994625)","(0.3182001623291246, -0.6611894262203023)",0.012560500006657094
2.30401175,"(0.0, 0.0)","(9.911081819038298e-05, -0.002499576845634382)","(0.0008370989302085435, -0.010471564303670586)","(0.0029989556702487707, -0.024759733848086156)","(0.00759734794739278, -0.04646396747774757)","(0.015999171753529218, -0.07710039752294201)","(0.030166602601184922, -0.11891275804166948)","(0.05317685787819476, -0.1755594261705355)","(0.09058132833372512, -0.2539572408185679)","(0.1554724824099259, -0.3713599975089254)","(0.3662293827264146, -0.6985648958625885)",0.015299899998353794
2.688011625,"(0.0, 0.0)","(0.000105721788133388, -0.0025342680077049024)","(0.0008943588046943507, -0.010629846106400772)","(0.0032099207572464927, -0.02516609835123998)","(0.008148957234780263, -0.047291772079442525)","(0.01720362091891056, -0.07859548560495622)","(0.032535379629602235, -0.12143771087547325)","(0.05756700919118657, -0.17968372875635683)","(0.09853213664074928, -0.26066911548772936)","(0.1702413072822988, -0.3827269067716412)","(0.4064720366596217, -0.7265544152426344)",0.015297799982363358
3.0720115,"(0.0, 0.0)","(0.00011020958082127996, -0.0025422683006074546)","(0.0009336166386417488, -0.010674799914976345)","(0.003356189685205721, -0.025301356713915615)","(0.008536351732003872, -0.04760586228379252)","(0.018062277057082743, -0.07923196183589633)","(0.03425445469838034, -0.12263355480684668)","(0.06082294679645983, -0.18184996818003873)","(0.1045921918985872, -0.26458519344615955)","(0.18191647652075565, -0.3901564219392552)","(0.4405818498367554, -0.748263244519656)",0.01003800000762567
3.4560113749999997,"(0.0, 0.0)","(0.00011313658087939993, -0.002532901077827498)","(0.0009595683741117494, -0.010645409144090267)","(0.003454339626192293, -0.02525725830843775)","(0.008800724212438216, -0.047577020278092005)","(0.018659689158913306, -0.07928959814963073)","(0.03547779471993662, -0.12292347114564174)","(0.06320331473611429, -0.18266500574564454)","(0.10917301439880317, -0.26654584166951445)","(0.19113816154824864, -0.3947984737960497)","(0.46983929884239417, -0.7656019624576479)",0.011547900008736178
3.84001125,"(0.0, 0.0)","(0.0001149135947045507, -0.0025121777544727074)","(0.0009756640726543281, -0.010566944067194287)","(0.003516627622210222, -0.02509359323365072)","(0.008972748524778223, -0.04731712183545315)","(0.019059307400871278, -0.07895259662170492)","(0.036321910614927455, -0.12258736300961139)","(0.06490546505600192, -0.1825315637596911)","(0.1125906831885582, -0.26710877623652424)","(0.1983984170494183, -0.3974103003992571)","(0.49521702256978384, -0.7797944122672186)",0.00953710000612773
4.2240111250000005,"(0.0, 0.0)","(0.00011584042758013002, -0.0024840653947508485)","(0.000984434842647805, -0.010456175475209366)","(0.0035520995474003086, -0.024850271639932628)","(0.009075215842816342, -0.04690129412373064)","(0.01930863903239524, -0.07834542847836413)","(0.036874787785575985, -0.12181557396839722)","(0.06607978995192387, -0.1817251089411241)","(0.11508802549539654, -0.2666567890434819)","(0.2040761898641848, -0.39850929878638314)","(0.5174545831062025, -0.7916536783991146)",0.009137599990935996
4.608011,"(0.0, 0.0)","(0.00011613698233359226, -0.0024512320879907573)","(0.0009877463263011504, -0.010324449911340919)","(0.003567460635847966, -0.02455446405793844)","(0.009125130859583275, -0.046381025947489544)","(0.019443400716198933, -0.07755402339413232)","(0.03720316135505064, -0.12074055104733411)","(0.06684149167730219, -0.18043889252638648)","(0.1168528739024578, -0.2654602601633542)","(0.20846600151700484, -0.39846070049489724)","(0.5371191964041546, -0.801737707083433)",0.009190600016154349
4.992010875,"(0.0, 0.0)","(0.00011596571407668926, -0.0024154990692238166)","(0.000986983164075167, -0.010179561380003975)","(0.003567714241040465, -0.024224959326850603)","(0.009135263135816973, -0.04579218413833763)","(0.01949061746703712, -0.07663873220971253)","(0.03735798490180367, -0.11945618332275587)","(0.06727946619208913, -0.17881132733247015)","(0.1180318259741896, -0.2637148176552512)","(0.21179942263223978, -0.39752976349580843)","(0.5546508903409797, -0.8104404433177672)",0.008979200007161126
5.376010750000001,"(0.0, 0.0)","(0.00011544755425544478, -0.0023781230614103067)","(0.0009831806297555673, -0.010026924500611756)","(0.003556620735655047, -0.023874905016069665)","(0.009115269552045169, -0.045160067977551954)","(0.01947088078167708, -0.07564251344394214)","(0.037378440260883605, -0.11803001307027698)","(0.06746283993110724, -0.17694321800513396)","(0.11874034830417324, -0.261564848227492)","(0.21426071688222237, -0.39591394941932173)","(0.5703951967509333, -0.8180471313904002)",0.009774800011655316
5.7600106250000005,"(0.0, 0.0)","(0.00011467318137353688, -0.0023399772739901635)","(0.0009771183056514199, -0.009870329488755967)","(0.0035370260276943177, -0.023513577519589806)","(0.009072503038060092, -0.044502684890831735)","(0.019399986532742025, -0.07459625305501853)","(0.037294864092265206, -0.11651118090397419)","(0.067445759984603, -0.1749089538204449)","(0.11907016989393227, -0.25911866439943854)","(0.2159981863418225, -0.3937634097384172)","(0.5846267143541124, -0.824768971996183)",0.012857099995017052
6.1440105,"(0.0, 0.0)","(0.00011371103761980209, -0.002301670155612669)","(0.0009693870388250841, -0.009712439493608102)","(0.0035110976655882697, -0.02314755276677074)","(0.009012597361025526, -0.04383292543696081)","(0.019290127131455476, -0.07352230934008645)","(0.03713089195816777, -0.11493573407041183)","(0.0672709208494397, -0.1727639880923735)","(0.11909472383277292, -0.2564585855253394)","(0.21713244312247865, -0.39119441646206493)","(0.5975661764989103, -0.8307654837428785)",0.010719699988840148
6.528010375,"(0.0, 0.0)","(0.00011261307620127545, -0.002263624910443024)","(0.0009604371609964399, -0.009555124991608608)","(0.0034804957521028246, -0.022781496727286087)","(0.00893989293647357, -0.043160038384431956)","(0.019150765302572204, -0.07243692761895541)","(0.03690504065754499, -0.1133302563386496)","(0.06697218268307234, -0.17054996281655652)","(0.11887319220446713, -0.25364782134595587)","(0.21776249928391173, -0.3882984057184236)","(0.6093929270909446, -0.836159314059629)",0.010315599996829405
6.91201025,"(0.0, 0.0)","(0.00011141891934648637, -0.0022261337002185367)","(0.0009506135212603156, -0.009399692688140632)","(0.0034464977241452505, -0.022418708949195003)","(0.008857749470969817, -0.04249064978714281)","(0.018989279844421142, -0.07135191686686411)","(0.0366318861354806, -0.11171440100233292)","(0.06657653390715756, -0.16829829811323557)","(0.11845354720605372, -0.25073528767750775)","(0.21797030396555084, -0.3851482184701822)","(0.6202541392285275, -0.8410462830964487)",0.012108700000680983
7.2960101250000005,"(0.0, 0.0)","(0.00011015889470546505, -0.002189395170902242)","(0.0009401811702879834, -0.009247044678164694)","(0.003410090260907467, -0.022061502241696236)","(0.008768777512798143, -0.04182947846299896)","(0.018811447014826843, -0.0702758334449869)","(0.0363229481755756, -0.11010268989450378)","(0.06610557681598106, -0.1660327553225684)","(0.1178748643180737, -0.24775904939938603)","(0.217824166777083, -0.38180250555455875)","(0.6302717046775252, -0.8455023415189794)",0.011460599984275177
7.68001,"(0.0, 0.0)","(0.00010885627313312815, -0.002153540789907343)","(0.0009293443600611392, -0.009097790637569967)","(0.003372037574524242, -0.021711471586288535)","(0.00867501142049544, -0.04117984543526955)","(0.01862180244925188, -0.06921482905822034)","(0.03598736066800903, -0.10850581087019207)","(0.06557666279359414, -0.16377129834887605)","(0.11716910170573103, -0.24474883023421526)","(0.21738137443501393, -0.3783089031363888)","(0.639547441348258, -0.8495884843744788)",0.0163819000008516
8.064009875,"(0.0, 0.0)","(0.00010752893239747083, -0.0021186535495658822)","(0.0009182607195721768, -0.008952327850825887)","(0.003332932578264669, -0.021369686893628875)","(0.008578039633157189, -0.04054404113006091)","(0.018423915471743435, -0.06817326589051244)","(0.03563238360486373, -0.10693156611568531)","(0.06500376745032699, -0.1615274653471814)","(0.11636248346634853, -0.24172787394078749)","(0.21669021628996826, -0.37470636701508664)","(0.6481670725608231, -0.8533542828681663)",0.01670069998363033
8.44800975,"(0.0, 0.0)","(0.00010619060436401623, -0.0020847813860256333)","(0.0009070519173996414, -0.008810898888608528)","(0.0032932355306120875, -0.021036832626272733)","(0.00847910354756462, -0.039923592885371534)","(0.018220598601640103, -0.06715416778096324)","(0.035263797194654306, -0.1053855733464185)","(0.06439817078547816, -0.15931139258417942)","(0.1154765853950746, -0.23871434569345223)","(0.21579157178327307, -0.37102692040042606)","(0.6562033001669104, -0.8568404641502186)",0.012683100008871406
8.832009625,"(0.0, 0.0)","(0.00010485181714012942, -0.0020519468907548217)","(0.0008958117423659567, -0.008673633545751997)","(0.0032533034363147195, -0.02071330984591928)","(0.008379173109660895, -0.039319461632472165)","(0.01801406870025915, -0.06615955429475892)","(0.03488620738102216, -0.10387178949736559)","(0.06376898972268044, -0.15713058714637185)","(0.11452919468130507, -0.2357224013308157)","(0.21472016913854014, -0.3672969849154568)","(0.6637182011223552, -0.8600808232908779)",0.010431000002427027
9.2160095,"(0.0, 0.0)","(0.00010352061189567927, -0.0020201543909032565)","(0.0008846122706600568, -0.008540579565598528)","(0.0032134125696627047, -0.02039931137616494)","(0.008279004994447725, -0.0387321876561462)","(0.017806071740222112, -0.06519069013115238)","(0.03450328423348478, -0.10239290526335124)","(0.06312359788155897, -0.15499051573274378)","(0.11353499598022124, -0.2327630127510669)","(0.21350559445551992, -0.36353841038989754)","(0.6707651141603306, -0.8631036597591017)",0.015694999980041757
9.600009375,"(0.0, 0.0)","(0.00010220309186895205, -0.0019893951427480947)","(0.0008735086032573211, -0.008411725291176519)","(0.0031737758392531984, -0.020094877525914046)","(0.008179187664941176, -0.038161999351848365)","(0.01759798000000215, -0.06424827264790477)","(0.03411794907981969, -0.1009506445840291)","(0.06246795849570361, -0.15289505705148748)","(0.1125061227881656, -0.22984461156164146)","(0.21217310905239822, -0.35976928332799235)","(0.677390138447714, -0.8659328704998449)",0.017174000007798895
9.98400925,"(0.0, 0.0)","(0.00010090384538291239, -0.0019596511589702994)","(0.0008625425267209733, -0.008287016448089114)","(0.0031345562538419858, -0.019799937620099087)","(0.008080176468525505, -0.03760889482850446)","(0.01739086819979116, -0.06333257369527721)","(0.033732522203246684, -0.09954599342579595)","(0.06180688989782809, -0.150846851882723)","(0.1114526033083102, -0.2269735953702038)","(0.2107443176682841, -0.3560045700159295)","(0.6836333334211717, -0.868588790906557)",0.02410140002029948
10.368009125,"(0.0, 0.0)","(9.9626273612749e-05, -0.0019308980389806042)","(0.000851745357707788, -0.008166368627844728)","(0.0030958774215455176, -0.019514341084977682)","(0.007982321119288274, -0.03707270342192992)","(0.017185573452138947, -0.06244354743423428)","(0.03334884000841859, -0.09817937551674663)","(0.061144278306162675, -0.148847575633081)","(0.11038272302133778, -0.22415472907022382)","(0.20923771946329017, -0.35225663431151716)","(0.6895296874159929, -0.8710888493438076)",0.018295499990927055
10.752009000000001,"(0.0, 0.0)","(9.837284582085021e-05, -0.0019031070660275986)","(0.0008411401641221505, -0.00804967659601326)","(0.003057831775849354, -0.01923788078409117)","(0.007885887321026366, -0.03655313222417988)","(0.01698274268833258, -0.06158091261813496)","(0.03296834838956916, -0.09685078793292863)","(0.06048324913605768, -0.1468981516226579)","(0.10930332094506326, -0.22139146491391468)","(0.20766916578515032, -0.34853565891999844)","(0.6951099048880939, -0.8734480812046407)",0.010256700013997033
11.136008875,"(0.0, 0.0)","(9.714529903464414e-05, -0.0018762467619996158)","(0.0008307435075348632, -0.00793682124199811)","(0.003020487050057724, -0.018970310571189447)","(0.007791073856758521, -0.03604980136948518)","(0.01678287034246026, -0.0607442155852213)","(0.03259217745448598, -0.09555990610293484)","(0.05982630550322396, -0.14499891873720033)","(0.10822003279420508, -0.21868619924456367)","(0.2060522431248037, -0.3448499914462117)","(0.7004010510190664, -0.875679536824885)",0.014041499991435558
11.52000875,"(0.0, 0.0)","(9.594479490160693e-05, -0.0018502840387183202)","(0.0008205668156350474, -0.007827674766320184)","(0.0029838913938174394, -0.018711358500268088)","(0.007698026149400947, -0.035562270828967665)","(0.01658632841231114, -0.05993287858354251)","(0.032221201556700746, -0.0943061653554813)","(0.05917544062033922, -0.14314976367599655)","(0.10713749132920544, -0.21604047937102178)","(0.20439859539332533, -0.3412064309715678)","(0.7054270825863822, -0.8777946076343617)",0.017151400010334328
11.904008625,"(0.0, 0.0)","(9.477204335873318e-05, -0.0018251850476832415)","(0.0008106174672636926, -0.007722104544707937)","(0.0029480774314403213, -0.018460736758656986)","(0.007606847061739905, -0.03509006076082662)","(0.01639339052601302, -0.059146236885064714)","(0.0318560876952535, -0.09308882437739224)","(0.05853222932194502, -0.14135022557165106)","(0.10605949200921297, -0.21345517091968266)","(0.20271819656586465, -0.3376104670655142)","(0.7102092885164559, -0.879803289738679)",0.023090199974831194
12.2880085,"(0.0, 0.0)","(9.362740042972995e-05, -0.001800915803302991)","(0.000800899652811278, -0.007619975993438811)","(0.002913065490676922, -0.018218149113564706)","(0.007517605523936544, -0.03463266694071328)","(0.016204251267957104, -0.05838356727868818)","(0.03149733465168658, -0.09190701463149503)","(0.057897902806699736, -0.1395995788995744)","(0.10498913034449459, -0.2109305935936714)","(0.20101958228894384, -0.33406648020903545)","(0.7147666565327232, -0.8817143975303088)",0.018436699989251792
12.672008375,"(0.0, 0.0)","(9.251094581587405e-05, -0.0017774426362622592)","(0.0007914150587637267, -0.00752115468178721)","(0.002878866180195186, -0.01798329647359024)","(0.007430343449111157, -0.03418957243863457)","(0.016019041751086066, -0.057644109936192095)","(0.031145304745041014, -0.09075977887974508)","(0.05727340987997595, -0.13789689933018634)","(0.10392891617025318, -0.20846663168333002)","(0.19931004757713877, -0.33057791091713984)","(0.7191161808954871, -0.883535738965919)",0.016422499989857897
13.05600825,"(0.0, 0.0)","(9.142254456505697e-05, -0.0017547325183659682)","(0.0007821634133511335, -0.0074255078716675615)","(0.0028454824511417176, -0.017755881007582307)","(0.007345081287853439, -0.03376025640404366)","(0.015837842190403073, -0.05692708513195035)","(0.030800249650221795, -0.0896461011618723)","(0.056659467234811495, -0.13624111602490288)","(0.10288086889680928, -0.20606282412179933)","(0.19759581598164214, -0.3271474028693321)","(0.7232731217711676, -0.8852742601209952)",0.01900430000387132
13.440008125,"(0.0, 0.0)","(9.03618961836418e-05, -0.0017327532905301603)","(0.0007731429223998484, -0.007332905622955799)","(0.0028129112497140146, -0.01753560916251469)","(0.007261822499897069, -0.03334420062813023)","(0.015660692079617525, -0.05623170597392313)","(0.030462331441168944, -0.08856493008337483)","(0.05605660083439362, -0.13463105317387378)","(0.10184659709423471, -0.2037184379960014)","(0.19588218480062106, -0.32377692450027873)","(0.727251224530499, -0.8869361648037333)",0.02988700001151301
13.824008,"(0.0, 0.0)","(8.932857380759135e-05, -0.0017114738178018987)","(0.0007643506180649712, -0.007243221569337712)","(0.0027811448443041953, -0.017322193840206338)","(0.007180557161153706, -0.03294089439469215)","(0.015487598445122513, -0.05555718803625821)","(0.030131639779598096, -0.08751519685031665)","(0.055465180046595175, -0.13306546296877653)","(0.10082736513340243, -0.20143252862438016)","(0.1941736500632434, -0.32046787261627596)","(0.7310629066093475, -0.8885270147051272)",0.019148599996697158
14.208007875,"(0.0, 0.0)","(8.832205548078148e-05, -0.0016908640895259015)","(0.0007557826382286123, -0.0071563334445549015)","(0.0027501718929222596, -0.017115355931723062)","(0.0071012648782694116, -0.032549838013003506)","(0.01531854255315386, -0.054902756582881955)","(0.029808205983705843, -0.08649582917322134)","(0.05488544585910987, -0.13154305174268502)","(0.0998241491052558, -0.19920398869890976)","(0.19247401437309167, -0.31722116093927466)","(0.7347194171206683, -0.890051813432925)",0.02255749999312684
14.59200775,"(0.0, 0.0)","(8.73417490912902e-05, -0.0016708952776971866)","(0.0007474344500585442, -0.007072123416833621)","(0.00271997830086243, -0.016914825354090935)","(0.0070239171419520935, -0.03217054532047543)","(0.015153485357556937, -0.054267651889518875)","(0.02949201454058903, -0.08550576187181627)","(0.054317534199436884, -0.13006250056975893)","(0.09883768373504784, -0.1970315883619163)","(0.19078647991284067, -0.31403729564627064)","(0.7382309733903305, -0.8915150770297187)",0.019355199998244643
14.976007625,"(0.0, 0.0)","(8.638701230560125e-05, -0.0016515397649247328)","(0.0007393010294228369, -0.006990478282232783)","(0.0026905479120678116, -0.016720341716701576)","(0.006948479233776922, -0.0318025454097568)","(0.01499237194114035, -0.053651133116353014)","(0.029183012564046817, -0.08454394493055828)","(0.05376149528868274, -0.1286224815151225)","(0.09786850191170327, -0.19491400802125539)","(0.18911372907264495, -0.31091644024497583)","(0.7416068788524903, -0.8929208940810068)",0.018948599987197667
15.3600075,"(0.0, 0.0)","(8.545716844667386e-05, -0.0016327711492665144)","(0.0007313770044188525, -0.006911289549453163)","(0.002661863064925815, -0.01653165469983041)","(0.006874911767713973, -0.03144538374642731)","(0.014835135130004326, -0.053052481028692415)","(0.028881117553539004, -0.08360934950121836)","(0.05321730968588445, -0.12722167032423326)","(0.09691696795917615, -0.1928498650812076)","(0.18745799423663173, -0.3078584711030557)","(0.7448556256105516, -0.8942729775778276)",0.012866600009147078
15.744007375,"(0.0, 0.0)","(8.455151910264497e-05, -0.0016145642319279148)","(0.0007236567699090146, -0.006834453443056239)","(0.002633905038215048, -0.0163485242137985)","(0.006803171934628399, -0.031098622816140817)","(0.01468169843233419, -0.05247099981586046)","(0.028586223757126106, -0.08270097227430323)","(0.05268490158917216, -0.12585875623342452)","(0.09598330564699092, -0.19083773563867787)","(0.18582111819203384, -0.3048630249311288)","(0.7479849807268106, -0.8955747066297128)",0.016656899999361485
16.12800725,"(0.0, 0.0)","(8.366935423221103e-05, -0.001596894994178183)","(0.0007161345797886548, -0.006759870853552421)","(0.0026066544123748425, -0.01617072041095843)","(0.006733214516852243, -0.03076184244737407)","(0.014531978451674407, -0.05190601827233409)","(0.0282982074419382, -0.08181783866798789)","(0.05216414997448743, -0.12453244964177317)","(0.09506762201637431, -0.188876172348647)","(0.1842046070550361, -0.3019295400815736)","(0.7510020702766225, -0.8968291712429827)",0.01328270000522025
16.512007125,"(0.0, 0.0)","(8.280995992273124e-05, -0.001579740562556353)","(0.000708804618361189, -0.006687447230995275)","(0.0025800913512555868, -0.015998023543803672)","(0.006664992686458676, -0.030434639799503185)","(0.014385886804315462, -0.05135689032737546)","(0.0280169311280003, -0.08095900481557176)","(0.05165489765991704, -0.12324148760501795)","(0.094169927091208, -0.18696371830573774)","(0.18260967516920554, -0.29905729069925824)","(0.7539134333877018, -0.8980391916659665)",0.016685499984305352
16.896007,"(0.0, 0.0)","(8.19726247651767e-05, -0.0015630791722090532)","(0.0007016610592926395, -0.006617092465604175)","(0.0025541958361558342, -0.015830223778404515)","(0.006598458672506927, -0.030116629235528606)","(0.014243331733352252, -0.05082299531774804)","(0.027742247182216462, -0.08012355902455766)","(0.05115695908221751, -0.12198463828545138)","(0.09329015105257585, -0.18509891891426478)","(0.1810372855001643, -0.2962454175977305)","(0.7567250944353908, -0.8992073598914073)",0.018277800001669675
17.280006875,"(0.0, 0.0)","(8.115664461827779e-05, -0.0015468901233488322)","(0.0006946981101711644, -0.006548720734115729)","(0.0025289478447952235, -0.01566712091180524)","(0.006533564277581755, -0.02980744198028827)","(0.01410421937450572, -0.05030373783171201)","(0.027474000676665195, -0.0793106224229703)","(0.05067012657848033, -0.12076070388136605)","(0.09242815837082627, -0.18328033085887968)","(0.17948818374614314, -0.2934929535183282)","(0.7594426068337082, -0.9003360562181741)",0.01708119999966584
17.66400675,"(0.0, 0.0)","(8.03613263667749e-05, -0.001531153736756932)","(0.0006879100479935951, -0.006482250338176277)","(0.0025043274952456854, -0.015508524059721238)","(0.0064702612974445045, -0.029506725698109495)","(0.0139684547956479, -0.049798547366804544)","(0.027212031763544225, -0.0785193492096961)","(0.050194175675882, -0.11956852274471806)","(0.0915837599114766, -0.1815065294224799)","(0.17796292843655098, -0.2907988452381663)","(0.7620711029555618, -0.9014274749738219)",0.020279499993193895
18.048006625,"(0.0, 0.0)","(7.958599075762879e-05, -0.0015158513078684277)","(0.0006812912463365281, -0.006417603533191488)","(0.002480315157733691, -0.015354251311705185)","(0.006408501851763074, -0.029214143986518767)","(0.013835942828218067, -0.049306877799439194)","(0.026956177603951997, -0.07774892651201491)","(0.04972886945906732, -0.11840697069981597)","(0.09075672312508723, -0.17977611416380446)","(0.1764619170087601, -0.288161972330408)","(0.7646153327666481, -0.9024836415995543)",0.021496100001968443
18.4320065,"(0.0, 0.0)","(7.882997454056531e-05, -0.0015009650610096565)","(0.0006748361962156529, -0.0063547063548587785)","(0.0024568915418996806, -0.015204129372641224)","(0.006348238646434093, -0.02892937582542122)","(0.013706588737293288, -0.048828206740175975)","(0.02670627394768088, -0.07699857398160698)","(0.049273962208606276, -0.11727496179296074)","(0.0899467807042573, -0.1780877133636943)","(0.17498540862699694, -0.28558116331527916)","(0.7670796981775083, -0.903506427774944)",0.015125899983104318
18.816006375,"(0.0, 0.0)","(7.809263198638519e-05, -0.0014864781035988542)","(0.0006685395212977091, -0.006293488442892806)","(0.0024340377620771514, -0.015057993190217243)","(0.006289425174551708, -0.028652114982866392)","(0.013580298746608821, -0.04836203478006405)","(0.026462156398097958, -0.07626754314409072)","(0.04882920237736052, -0.11617144850701934)","(0.08915363782909067, -0.17643998730261015)","(0.17353354386850003, -0.2830552092088302)","(0.7694682875000199, -0.9044975686798707)",0.013232600002083927
19.20000625,"(0.0, 0.0)","(7.73733359664408e-05, -0.0014723743816715904)","(0.0006623959890886891, -0.006233882868177757)","(0.002411735386747743, -0.014915685584577697)","(0.006232015872719571, -0.02838206941116522)","(0.013456980456753309, -0.0479078846912703)","(0.02622366144212579, -0.0755551166147281)","(0.04839433506615409, -0.11509542163995724)","(0.08837697832993502, -0.17483163073250016)","(0.17210636198950363, -0.2805828751850426)","(0.7717849019815868, -0.9054586741293665)",0.01797349998378195
19.584006125,"(0.0, 0.0)","(7.667147865211138e-05, -0.0014586386366472563)","(0.0006564005186335958, -0.0061758259632420645)","(0.002389966474246226, -0.014777056880579956)","(0.006175966238444311, -0.02811896063565667)","(0.013336543169919862, -0.04746530058891838)","(0.025990627273738492, -0.07486060719719186)","(0.04796910405613017, -0.11404590988439033)","(0.0876164698791845, -0.1732613746176677)","(0.17070381594454265, -0.27816291044775043)","(0.7740330809766899, -0.9063912408473023)",0.02203740002005361
19.968006,"(0.0, 0.0)","(7.598647188822999e-05, -0.0014452563632921774)","(0.0006505481852115344, -0.0061192571560913095)","(0.0023687135965876627, -0.014641964543345704)","(0.0061212329137998595, -0.027862523138794858)","(0.013218898133351697, -0.047033847061444436)","(0.025762894436873934, -0.0741833568825018)","(0.04755325345059966, -0.11302197914516271)","(0.08687176831736595, -0.17172798722045476)","(0.16932578533940723, -0.2757940564303505)","(0.776216127866369, -0.9072966613412698)",0.017751499981386587
20.352005875,"(0.0, 0.0)","(7.531774738464211e-05, -0.0014322137700949298)","(0.0006448342233098467, -0.006064118812904622)","(0.002347959856289411, -0.014510272831278556)","(0.006067773748601485, -0.02761250376883946)","(0.013103958731888826, -0.046613108323919974)","(0.025540306351832298, -0.07352273584479552)","(0.04714652905735087, -0.11202273176627116)","(0.08614252138856746, -0.1702302748508354)","(0.16797208797195934, -0.2734750540094258)","(0.7783371236432394, -0.9081762358799227)",0.013717099995119497
20.73600575,"(0.0, 0.0)","(7.466475663538141e-05, -0.0014194977403484933)","(0.0006392540270908492, -0.006010356082334294)","(0.002327688893287043, -0.014381852449039282)","(0.006015547835441559, -0.02736866113944172)","(0.01299164061259675, -0.04620268733638462)","(0.025322709690334316, -0.0728781413396111)","(0.04674867944131686, -0.11104730551464266)","(0.08542837173240356, -0.1687670820155481)","(0.16664248949333765, -0.27120464911030656)","(0.7803989518302898, -0.9090311763362975)",0.01547690000734292
21.120005625,"(0.0, 0.0)","(7.402697076551099e-05, -0.001407095796013693)","(0.0006338031501198563, -0.00595791675061612)","(0.0023078848886252806, -0.014256580223706315)","(0.005964515534666495, -0.027130765067144017)","(0.012881861782846157, -0.04580220497278781)","(0.02510995468619981, -0.07224899665344013)","(0.04635945682567141, -0.11009487257935203)","(0.08472895951183079, -0.16733729144390339)","(0.1653367121527059, -0.26898159777215025)","(0.7824043112516452, -0.9098626179335617)",0.01502930000424385
21.5040055,"(0.0, 0.0)","(7.340388020804847e-05, -0.0013949960627059265)","(0.0006284773035070274, -0.005906751100397324)","(0.002288532561789562, -0.014134338786925124)","(0.005914638480997214, -0.02689859601349094)","(0.01277454266331332, -0.04541129918289838)","(0.024901895343652183, -0.07163475001006009)","(0.04597861776506934, -0.10916463843247634)","(0.08404392451329709, -0.16593982372335142)","(0.16405444215349843, -0.2668046700614509)","(0.7843557317870492, -0.9106716223319796)",0.016156199999386445
21.888005375,"(0.0, 0.0)","(7.279499433300585e-05, -0.0013831872369961594)","(0.0006232723535441811, -0.005856811778601504)","(0.0022696171657699687, -0.014015016276555216)","(0.005865879582898387, -0.026671944559296473)","(0.0126696061214005, -0.045029624197744665)","(0.024698389597077, -0.07103487352236507)","(0.04560592370183883, -0.10825584070758155)","(0.08337290795674782, -0.1645736368366185)","(0.16279533622753997, -0.2646726534962821)","(0.7862555873021504, -0.9114591848112894)",0.017268700001295656
22.27200525,"(0.0, 0.0)","(7.21998409744691e-05, -0.0013716585550227732)","(0.0006181843183715799, -0.005808053669062489)","(0.0022511244781482087, -0.013898506047535937)","(0.005818203010209785, -0.026450610891321277)","(0.01256697747515359, -0.04465684974475252)","(0.024499299402127916, -0.07044886213496765)","(0.04524114136530133, -0.10736774800835461)","(0.08271555393116087, -0.1632377254521494)","(0.16155902718052267, -0.26258435564763555)","(0.7881061079840589, -0.9122262394560382)",0.024237199977505952
22.656005125,"(0.0, 0.0)","(7.161796592422554e-05, -0.001360399762994919)","(0.0006132093642750858, -0.005760433772557471)","(0.0022330407904930308, -0.013784706398749251)","(0.005771574176269681, -0.02623440431539761)","(0.012466584482067763, -0.04429266029879312)","(0.02430449078877138, -0.06987623260445162)","(0.04488404307770444, -0.10649965873160992)","(0.0820715105928867, -0.1619311201292321)","(0.16034512876055476, -0.26053860629173203)","(0.7899093927988319, -0.9129736654277724)",0.02913859998807311
23.040005,"(0.0, 0.0)","(7.104893241438592e-05, -0.0013494010896487041)","(0.0006083438018317233, -0.005713911094593447)","(0.0022153528969107647, -0.013673520316990286)","(0.0057259597168966, -0.026023142798730928)","(0.012368357318382109, -0.043936754375087254)","(0.02411383388849217, -0.06931652252955327)","(0.04453440699280714, -0.10565089992989614)","(0.08144043118427483, -0.16065288649221962)","(0.15915323999339906, -0.25853425924707957)","(0.7916674153063825, -0.9137022871470803)",0.020516499993391335
23.424004875,"(0.0, 0.0)","(7.049232050243895e-05, -0.0013386532193157615)","(0.0006035840811349294, -0.005668446535174701)","(0.002198048078888244, -0.013564855223951233)","(0.005681327458612148, -0.025816652513862226)","(0.012272228531763948, -0.043588843815899773)","(0.023927202900444755, -0.06876928935164266)","(0.04419201719634408, -0.10482082608263606)","(0.08082197472242877, -0.1594021241447317)","(0.15798294857235867, -0.25657019338198606)","(0.7933820386146951, -0.9144128840855604)",0.018594799999846146
23.80800475,"(0.0, 0.0)","(6.994772655590648e-05, -0.0013281472679383252)","(0.0005989267878460311, -0.005624002790804216)","(0.002181114093012096, -0.013458622751807562)","(0.005637646393867574, -0.025614767435509753)","(0.012178133007921865, -0.043248653163166964)","(0.023744476081640667, -0.06823410948368011)","(0.043856663842927496, -0.10400881804769174)","(0.08021580673441425, -0.15817796582342544)","(0.1568338343097854, -0.25464531394671436)","(0.7950550175459647, -0.9151061883530888)",0.017661699996097013
24.192004625,"(0.0, 0.0)","(6.941476262228852e-05, -0.001317874759124389)","(0.0005943686381889302, -0.005580544256097866)","(0.0021645391545120837, -0.013354738516299843)","(0.0055948866443901735, -0.025417328928906142)","(0.012086007908419086, -0.04291591900844583)","(0.02356553567237607, -0.06771057738487911)","(0.04352814314921041, -0.1032142818866693)","(0.07962159965414156, -0.15697957624325612)","(0.15570547161181503, -0.2527585529874084)","(0.7966880111451957, -0.9157828926881448)",0.01751829998102039
24.5760045,"(0.0, 0.0)","(6.889305586057007e-05, -0.0013078276023443898)","(0.0005899064744452412, -0.00553803693423501)","(0.002148311922495469, -0.013253121910312648)","(0.005553019428471778, -0.025224185375630336)","(0.01199579261578912, -0.042590389402860675)","(0.023390267832659045, -0.06719830472285447)","(0.04320625739873554, -0.10243664780742985)","(0.07903903321625783, -0.15580615108134552)","(0.15459743187716854, -0.25090886987699956)","(0.7982825866233221, -0.9164436506950641)",0.018773999996483326
24.960004375,"(0.0, 0.0)","(6.838224797696066e-05, -0.0012979980723995578)","(0.0005855372604455442, -0.005496448352498512)","(0.0021324214849960804, -0.01315369590879872)","(0.005512017027210395, -0.025035191819064898)","(0.011907428674761925, -0.04227182329583305)","(0.0232185625666263, -0.06669691957157425)","(0.04289081491236929, -0.10167536913888962)","(0.07846779474996185, -0.15465691595178185)","(0.15350928555892657, -0.24909525163720514)","(0.7998402265461086, -0.9170890803162711)",0.029392500000540167
25.34400425,"(0.0, 0.0)","(6.788199461841421e-05, -0.001288378789457128)","(0.000581258076655336, -0.0054557474798716185)","(0.0021168573423449716, -0.013056386877651767)","(0.0054718527457416205, -0.02485020961505886)","(0.011820859720724719, -0.0419599899774557)","(0.023050313616726437, -0.06620606560359149)","(0.04258162994788517, -0.10092992127008975)","(0.0779075792961185, -0.15353112525348322)","(0.1524406036824881, -0.24731671279173814)","(0.8013623339174216, -0.9177197656278145)",0.023167600011220202
25.728004125,"(0.0, 0.0)","(6.739196484861071e-05, -0.0012789627011320908)","(0.0005770661159530469, -0.005415904653187565)","(0.002101609392997611, -0.01296112440273062)","(0.005432500880614907, -0.024669106120210543)","(0.011736031420880505, -0.04165466858279853)","(0.02288541838115145, -0.0657254013765921)","(0.042278522638567045, -0.10019980072555731)","(0.07735808978538133, -0.1524280612079092)","(0.1513909594631339, -0.24557229548974657)","(0.8028502409425258, -0.9183362625608931)",0.01557299998239614
26.112004,"(0.0, 0.0)","(6.691184058947933e-05, -0.001269743065033647)","(0.0005729586790756552, -0.005376891504963814)","(0.0020866679179840503, -0.012867841122110847)","(0.005393936683051229, -0.024491754384382138)","(0.011652891404893437, -0.041355647599091265)","(0.02272377780630533, -0.06525459961493461)","(0.04198131887309248, -0.09948452421043212)","(0.07681903706890614, -0.15134703278946945)","(0.15035992946219817, -0.2438610692275282)","(0.8043052083536673, -0.9189390954271095)",0.01578640000661835
26.496003875,"(0.0, 0.0)","(6.644131610184303e-05, -0.0012607134326281229)","(0.0005689331703809322, -0.005338680896669013)","(0.002072023566428695, -0.01277647257093714)","(0.0053561363246944355, -0.0243180328662531)","(0.0115713892001406, -0.04106272440972078)","(0.022565296286138, -0.06479334654467606)","(0.04168985018226867, -0.09878362772648484)","(0.07629013994402753, -0.15028737473614087)","(0.14934709466870325, -0.24218213060965846)","(0.8057284322619319, -0.9195287611904639)",0.018665700015844777
26.88000375,"(0.0, 0.0)","(6.598009743402286e-05, -0.0012518676334414484)","(0.0005649870933055259, -0.005301246853187463)","(0.002057667339820199, -0.012686957028457695)","(0.005319076859653826, -0.024147825151398083)","(0.011491476157566183, -0.040775704838843914)","(0.02240988153931195, -0.06434134122138266)","(0.041403953573901836, -0.09809666565765049)","(0.07577112505003464, -0.14924844646031935)","(0.1483520411708545, -0.24053460274474933)","(0.8071210540758705, -0.9201057370051188)",0.018283699988387525
27.264003625,"(0.0, 0.0)","(6.552790197907228e-05, -0.001243199761314615)","(0.0005611180467510329, -0.005264564505983871)","(0.002043590579667333, -0.012599235385903651)","(0.005282736195327778, -0.023981019710110747)","(0.011413105396600828, -0.04049440276331202)","(0.02225744452387715, -0.06389829496472015)","(0.04112347143817452, -0.09742321002016185)","(0.07526172689853239, -0.1482296312173451)","(0.14737436113647195, -0.23891763510871217)","(0.808484146834717, -0.9206704643515399)",0.019210999977076426
27.648003499999998,"(0.0, 0.0)","(6.508445795818524e-05, -0.001234704160342979)","(0.0005573237208055179, -0.005228610034651912)","(0.002029784952568614, -0.012513251009709207)","(0.005247093055983296, -0.023817509644467216)","(0.011336231732803598, -0.04021863970216895)","(0.022107899313709378, -0.06346393074803965)","(0.04084825136933243, -0.09676284962095287)","(0.07476168770799191, -0.14723033506998898)","(0.14641365321005784, -0.2373304028202329)","(0.8098187509018666, -0.921223382697178)",0.022379199974238873
28.032003375,"(0.0, 0.0)","(6.464950397720541e-05, -0.001226375412303197)","(0.000553601893085516, -0.005193360614739014)","(0.00201624243752916, -0.01242894961968823)","(0.005212126952107127, -0.023657192463713624)","(0.01126081161787057, -0.039948244453678346)","(0.021961162998821407, -0.06303798266236367)","(0.04057814603094739, -0.09611518932833786)","(0.07427075731733274, -0.1462499860219511)","(0.14546952307377034, -0.2357721061962738)","(0.8111258350300362, -0.9217648886815262)",0.02190120000159368
28.41600325,"(0.0, 0.0)","(6.42227885678786e-05, -0.0012182083244010676)","(0.000549950424927996, -0.005158794366774081)","(0.002002955312638291, -0.012346279169645221)","(0.005177818147791918, -0.02349996986322595)","(0.011186803074489188, -0.03968305273600077)","(0.02181715557309491, -0.06262019538076462)","(0.04031301299071438, -0.09547984933044434)","(0.0737886930203333, -0.14528803309718283)","(0.144541583746203, -0.23424197008061307)","(0.8124063363570381, -0.9222953743691021)",0.02212340000551194
28.800003125,"(0.0, 0.0)","(6.380406978472204e-05, -0.0012101979181923413)","(0.0005463672580531057, -0.005124890310233492)","(0.001989916143444216, -0.012265189739724193)","(0.005144147632457408, -0.023345747525625453)","(0.011114165640413898, -0.03942290686488058)","(0.021675799839615997, -0.06221032368028594)","(0.04005271458679932, -0.09485646447950796)","(0.07331525945529901, -0.14434394554559596)","(0.14362945598635013, -0.23273924336928953)","(0.8136611422726916, -0.9228152075010073)",0.01856019999831915
29.184003,"(0.0, 0.0)","(6.339311477512183e-05, -0.0012023394185994483)","(0.0005428504109815727, -0.005091628317759904)","(0.0019771177703451492, -0.012185633428924742)","(0.0051110970897205316, -0.023194434921165005)","(0.01104286030547795, -0.039167655427743746)","(0.021537021299714812, -0.06180813195286801)","(0.039797117756829606, -0.09424468360657205)","(0.07285022840260474, -0.14341721196787158)","(0.1427327684052345, -0.23126319826090433)","(0.8148911037052299, -0.923324743281416)",0.021550500008743256
29.568002875,"(0.0, 0.0)","(6.298969940296897e-05, -0.001194628243994262)","(0.0005393979759040941, -0.005058989073881486)","(0.0019645532976173066, -0.012107564258350521)","(0.005078648870472671, -0.02304594512845689)","(0.01097284945763298, -0.038917152991963064)","(0.021400748059455632, -0.06141339376981924)","(0.03954609389877341, -0.09364416891708557)","(0.07239337863998854, -0.14250733956204822)","(0.14185115769460352, -0.2298131297060828)","(0.8160970249251627, -0.9238243129113617)",0.01958100000047125
29.95200275,"(0.0, 0.0)","(6.25936078698236e-05, -0.0011870599966150145)","(0.0005360081155199072, -0.005026954035049826)","(0.0019522160822736181, -0.012030938077338748)","(0.0050467859653261365, -0.022900194660027268)","(0.010904096827059964, -0.03867125981979631)","(0.021266910730792274, -0.061025891453481584)","(0.039299518717446996, -0.09305459538946179)","(0.07194449575681686, -0.1416138533523296)","(0.1409842687068406, -0.2283883547394703)","(0.8172796823295682, -0.9243142404597036)",0.019977599993580952
30.336002625,"(0.0, 0.0)","(6.220463235446366e-05, -0.001179630453546158)","(0.0005326790600241292, -0.004995505392006321)","(0.0019400997234312392, -0.011955712475004527)","(0.005015491978266229, -0.022757103297801583)","(0.01083656743256517, -0.03842984159925267)","(0.02113544233629272, -0.06064541567214184)","(0.03905727207509861, -0.09247565020458515)","(0.0715033719677505, -0.14073629545267674)","(0.14013175449812187, -0.2269882118209975)","(0.8184398142137801, -0.9247948326632339)",0.02160609999555163
30.7200025,"(0.0, 0.0)","(6.182257267905826e-05, -0.0011723355583434238)","(0.0005294091043202519, -0.004964626034846311)","(0.0019281980524785067, -0.01188184669814374)","(0.00498475110230126, -0.022616593940460852)","(0.010770227532097928, -0.038192769194487684)","(0.02100627822136629, -0.06027176506460615)","(0.03881923785435122, -0.091907032217834)","(0.07106980594432369, -0.1398742243878268)","(0.1392932763873811, -0.22561206024384237)","(0.8195781251103205, -0.9252663809067787)",0.019569399999454618
31.104002375,"(0.0, 0.0)","(6.144723597266769e-05, -0.001165171412901656)","(0.0005261966051971351, -0.0049342995190339075)","(0.0019165051230660562, -0.011809301571190096)","(0.0049545480945029086, -0.022478592454178686)","(0.010705044571493127, -0.037959918400714686)","(0.020879355961750667, -0.0599047458692022)","(0.038585303808703855, -0.09134845143134676)","(0.07064360261165109, -0.13902721439643426)","(0.13846850388953078, -0.22425927943943458)","(0.8206952914060475, -0.92572916640938)",0.01684579998254776
31.48800225,"(0.0, 0.0)","(6.107843636335951e-05, -0.0011581342699473573)","(0.0005230399787505315, -0.0049045100340429975)","(0.0019050152019774377, -0.011738039422402742)","(0.004924868253281603, -0.022343027535088728)","(0.010640987137936264, -0.037731169718639115)","(0.020754615279917385, -0.059544171582957606)","(0.0383553614287082, -0.09079962851083147)","(0.07022457297138404, -0.1381948547981681)","(0.1376571146911307, -0.22292926837313778)","(0.8217919588568415, -0.926183456637831)",0.018323900003451854
31.872002124999998,"(0.0, 0.0)","(6.071599468314079e-05, -0.0011512205259302582)","(0.0005199376979077783, -0.0048752423736471776)","(0.0018937227603505191, -0.011668024013883659)","(0.004895697396487889, -0.02220983057876353)","(0.01057802491497388, -0.037506408140107556)","(0.02063199796382731, -0.059189862637065015)","(0.03812930581058406, -0.09026029432383097)","(0.06981253392294712, -0.13737674938407954)","(0.13685879459427033, -0.22162144494047362)","(0.8228687502352848, -0.9266295120402344)",0.02262689999770373
32.256001999999995,"(0.0, 0.0)","(6.0359738185918055e-05, -0.001144426714301611)","(0.00051688829006033, -0.00484648190781197)","(0.0018826224652710166, -0.011599220475328853)","(0.004867021840404079, -0.022078935556559574)","(0.01051612863924091, -0.037285522944809794)","(0.02051144778845805, -0.05884164608856784)","(0.03790703552830714, -0.08973018949979022)","(0.06940730808577122, -0.136572515832024)","(0.13607323743777322, -0.22033524537168217)","(0.8239262519438102, -0.9270675718051293)",0.02409230000921525
32.640001874999996,"(0.0, 0.0)","(6.0009500256075904e-05, -0.0011377494988757115)","(0.0005138903346067376, -0.004818214554871177)","(0.0018717091709981523, -0.011531595238264003)","(0.004838828377645807, -0.021950278892415118)","(0.010455270054424287, -0.03706840749668538)","(0.020392910430796607, -0.05849935530917063)","(0.03768845249030525, -0.08920906397990055)","(0.06900872358232499, -0.13578178508997973)","(0.13530014488775854, -0.21907012351551583)","(0.8249650412803341, -0.9274978822270324)",0.018665999989025295
33.02400175,"(0.0, 0.0)","(5.966512018962776e-05, -0.0011311856682988777)","(0.0005109424611247984, -0.004790426758463654)","(0.0018609779125246945, -0.011465115981876254)","(0.004811104261246292, -0.021823799362211)","(0.01039542187901911, -0.03685495907954826)","(0.020276333412963393, -0.05816282973850098)","(0.03747346185176326, -0.088696676671531)","(0.06861661393535307, -0.13500420093690163)","(0.13453922651706818, -0.2178255504913351)","(0.8259856542650443, -0.9279206542896922)",0.023538599984021857
33.408001625,"(0.0, 0.0)","(5.9326442896313544e-05, -0.001124732129692219)","(0.0005080433468467004, -0.004763105460796144)","(0.0018504238964930503, -0.011399751569550951)","(0.004783837181543446, -0.021699437974231073)","(0.010336557757477868, -0.03664507869805741)","(0.020161666009967008, -0.05783191457644038)","(0.03726197185287844, -0.08819279499451686)","(0.06823081780032503, -0.13423941933537517)","(0.13379019941477913, -0.21660101381836017)","(0.8269886246084421, -0.9283361209240008)",0.03727450000587851
33.7920015,"(0.0, 0.0)","(5.8993318712907e-05, -0.0011183859038633329)","(0.0005051917151018374, -0.00473623808269113)","(0.0018400424957203815, -0.011335472002051733)","(0.004757015252691461, -0.021577137882277938)","(0.010278652233011942, -0.036438670936048814)","(0.02004885920211874, -0.057506460571049745)","(0.0370538937467684, -0.08769719458565739)","(0.06785117888620534, -0.13348710806099576)","(0.1330527882893636, -0.2153960171489046)","(0.8279744553271791, -0.9287444889750559)",0.023728500003926456
34.176001375,"(0.0, 0.0)","(5.866560313004879e-05, -0.0011121441195736216)","(0.0005023863329985147, -0.0047098124994543675)","(0.0018298292408430034, -0.011272248360176745)","(0.004730626991350656, -0.02145684427750805)","(0.010221680702400412, -0.03623564377609912)","(0.01993786558926916, -0.057186323738851796)","(0.03684914164782126, -0.08720965888428696)","(0.06747754570023826, -0.1327469461055048)","(0.13232672507381088, -0.21421007944197273)","(0.8289436141123668, -0.9291459434496174)",0.017262799985473976
34.56000125,"(0.0, 0.0)","(5.834315662930391e-05, -0.001106004009338733)","(0.0004996260100651496, -0.004683817023380044)","(0.0018197798155423425, -0.011210052763717147)","(0.004704661304937532, -0.021338504312301117)","(0.01016561939233758, -0.036035908475465644)","(0.019828639349549454, -0.05687136517929709)","(0.03664763246960677, -0.08672997887424942)","(0.06710977148152128, -0.1320186233548662)","(0.13161174902830822, -0.2130427347418387)","(0.8298965773356708, -0.9295406890435812)",0.018185799999628216
34.94400112499999,"(0.0, 0.0)","(5.8025844440862465e-05, -0.0010999629043543196)","(0.0004969095961933415, -0.004658240382387763)","(0.0018098900491298683, -0.011148858320687604)","(0.004679107472708992, -0.021222067004481034)","(0.010110445319305411, -0.0358393794062792)","(0.019721136163183633, -0.05656145082695845)","(0.036449285790069286, -0.08625795271660483)","(0.06674771397390522, -0.131301840059977)","(0.13090760638871576, -0.21189353144509573)","(0.8308337902333982, -0.929928909781683)",0.018838100018911064
35.32800099999999,"(0.0, 0.0)","(5.77135363646359e-05, -0.0010940182303433427)","(0.0004942359801314022, -0.004633071702635112)","(0.0018001559111803164, -0.011088639086281117)","(0.004653955132293587, -0.02110748316055175)","(0.010056136261660492, -0.03564597392899614)","(0.019615313161381556, -0.05625645125884002)","(0.036254023766762525, -0.08579338547282825)","(0.06639123530306856, -0.13059630646375517)","(0.13021405028403177, -0.21076203190192438)","(0.83175567287572, -0.9303107776070045)",0.019021799991605803
35.712000874999994,"(0.0, 0.0)","(5.7406106562298345e-05, -0.0010881675031470639)","(0.0004916040877199768, -0.0046083004899678945)","(0.001790573505179173, -0.011029370018821604)","(0.004629194263516254, -0.02099470529268836)","(0.010002670725408683, -0.03545561225410244)","(0.01951112886161245, -0.05595624148040477)","(0.03606177102309699, -0.0853360887888635)","(0.06604020178766257, -0.12990174234946486)","(0.1295308404598593, -0.20964781180790343)","(0.832662662275639, -0.9306864794484689)",0.02038840000750497
36.096000749999995,"(0.0, 0.0)","(5.71034334270297e-05, -0.0010824083254070015)","(0.0004890128808065358, -0.0045839166160917206)","(0.0017811390647051797, -0.010971026947306957)","(0.004604815178985297, -0.020883687558490925)","(0.00995002792520698, -0.035268217343849294)","(0.01940854313432047, -0.055660700778417685)","(0.03587245459780097, -0.08488588068998916)","(0.06569448388352361, -0.12921787678346255)","(0.12885774335174277, -0.20855046002220423)","(0.8335551312231091, -0.9310561614178985)",0.019130899978335947
36.480000624999995,"(0.0, 0.0)","(5.680539936114663e-05, -0.0010767383821708911)","(0.0004864613553464646, -0.004559910300009193)","(0.0017718489465406023, -0.010913586527111304)","(0.004580808506372026, -0.020774385676972502)","(0.009898187746339174, -0.035083714771070834)","(0.01930751712949201, -0.05536971249969823)","(0.03568600381130145, -0.08444258524715144)","(0.06535395594576981, -0.1285444476176138)","(0.12819453164908748, -0.20746957780453487)","(0.8344334727351653, -0.9314199925216846)",0.02130390002275817
36.864000499999996,"(0.0, 0.0)","(5.6511890639803636e-05, -0.0010711554376851367)","(0.00048394854025863784, -0.004536272094600713)","(0.0017626996266036782, -0.010857026208339234)","(0.004557165178231126, -0.020666756869452636)","(0.009847130723708755, -0.03490203262192855)","(0.01920801323845829, -0.05508316390346932)","(0.035502350203210103, -0.08400603236599447)","(0.06501849614138056, -0.12788120120864532)","(0.12754098425806265, -0.2064047785338333)","(0.8352980540167996, -0.9317781236222548)",0.026296300027752295
37.248000375,"(0.0, 0.0)","(5.6222797269921826e-05, -0.0010656573322064909)","(0.0004814734962337759, -0.004512992873256306)","(0.0017536876956893571, -0.010801324204214997)","(0.004533876421263502, -0.020560759800308165)","(0.009796838019442686, -0.03472310139794055)","(0.019109995052473683, -0.0548009460114952)","(0.035321427462348745, -0.08357605756988243)","(0.06468798634306946, -0.12722789212081498)","(0.12689688620257808, -0.20535568736786478)","(0.8361492312747185, -0.9321307014298289)",0.019193899992387742
37.63200025,"(0.0, 0.0)","(5.593801280812799e-05, -0.0010602419783753048)","(0.00047903531418277967, -0.004490063814563005)","(0.0017448098538456122, -0.010746459454566135)","(0.004510933741871052, -0.020456354507780126)","(0.009747291391952795, -0.03454685389984312)","(0.019013427303130742, -0.054522953426407575)","(0.03514317131881976, -0.08315250172673165)","(0.06436231193885372, -0.12658428272098934)","(0.12626202828478317, -0.2043219406337229)","(0.8369873503787718, -0.9324778704808301)",0.02715169999282807
38.016000125,"(0.0, 0.0)","(5.565743424531221e-05, -0.0010549073585060331)","(0.0004766331142658231, -0.004467476390967206)","(0.001736062906920896, -0.010692411599080659)","(0.004488328917511157, -0.020353502354010677)","(0.009698473178078343, -0.03437322514534879)","(0.018918275829847328, -0.054249084206777695)","(0.03496751949066719, -0.0827352108703449)","(0.06404136175702602, -0.12595014294053766)","(0.12563620705099082, -0.2033031855878058)","(0.8378127309062, -0.9328197588223747)",0.029468099994119257
