F,E,base,height,length,coord0,phi0,k0,coord1,phi1,k1,coord2,phi2,k2,coord3,phi3,k3,coord4,phi4,k4,coord5,phi5,k5,coord6,phi6,k6,coord7,phi7,k7,coord8,phi8,k8,coord9,phi9,k9,time
100.0,100000000000.0,0.01,0.01,0.2,"(0.0, -0.0)",0.0,0.23996315216867167,"(0.022222125491921572, -5.705525368227028e-05)",0.005036218854034334,0.2132966015783658,"(0.044443736035621226, -0.0002194407364433687)",0.009479853584508185,0.1866306689259262,"(0.06666448675308004, -0.00047398540099026856)",0.013330922951224844,0.15996576806497562,"(0.0888841958163078, -0.0008075186182947275)",0.016589452575045415,0.13330211718910231,"(0.11110282302712779, -0.0012068711469419957)",0.01925547114818394,0.10663976453611833,"(0.1333204436954328, -0.0016588757002178657)",0.021329006649118798,0.07997861973415228,"(0.15553722805595255, -0.0021503670378888724)",0.02281008391173438,0.053318478501528606,"(0.17775341585558507, -0.0026681817628281847)",0.023698722127848754,0.02665905314196957,"(0.19996929347398412, -0.0031991578094269007)",0.02399493347667356,-1.0927023175177908e-13,0.018534300004830584
100.0,100000000000.0,0.01,0.01,0.6000000000000001,"(0.0, -0.0)",0.0,0.7113464873262195,"(0.06664374071056792, -0.0015212588928610559)",0.044756899144626966,0.631373998473538,"(0.1331656798179899, -0.005845619470465049)",0.08418648779237205,0.5515476715446317,"(0.19948475529700244, -0.012612707742268596)",0.11830203319888147,0.4719647809698166,"(0.2655590215752773, -0.02146301822127924)",0.14712168303903808,0.3926756614358868,"(0.33137972791457715, -0.032040049232901276)",0.17066557385951903,0.31369081382872693,"(0.3969654456582147, -0.04399136980872238)",0.1889534104378366,0.23498795253636184,"(0.4623563255768966, -0.0569688127086324)",0.2020025107616927,0.15651889663394358,"(0.5276085175575908, -0.07062798647920585)",0.2098263043436422,0.0782162662571106,"(0.5927887394385163, -0.08462728842070849)",0.21243327011380958,-9.020562075079397e-17,0.01609020002069883
100.0,100000000000.0,0.01,0.01,1.0,"(0.0, -0.0)",0.0,1.1083196089537735,"(0.11085515965171777, -0.006559869404044877)",0.1157479112283886,0.9752934173717123,"(0.22036485209117362, -0.025074807123990732)",0.21679247042620547,0.8438817864443652,"(0.32767142533732596, -0.05376740410868074)",0.30337578606962007,0.7151138985489824,"(0.4323707351216868, -0.09089330148079079)",0.3758230858379278,0.5894747268077494,"(0.5344220344135963, -0.13479852348334675)",0.4344882701270236,0.467013167657458,"(0.6340632146725421, -0.18394328681822256)",0.47971120664998884,0.3474437513467228,"(0.7317363740005504, -0.23690149606232272)",0.5117856675491295,0.23023596015311282,"(0.8280247586371642, -0.292343771864192)",0.530936428031462,0.1146898985891763,"(0.9235996741281441, -0.3490100761986884)",0.537304083172073,2.3592239273284576e-16,0.023598200001288205
100.0,100000000000.0,0.01,0.02,0.2,"(0.0, -0.0)",0.0,0.02999992800049369,"(0.022222220710340027, -7.133040972757066e-06)",0.0006296280309261586,0.026666594893942686,"(0.044444433289425725, -2.743476814268925e-05)",0.0011851820034499605,0.023333263007079833,"(0.06666663232499621, -5.925908644608494e-05)",0.001666661955040183,0.01999993315174426,"(0.08888881535383113, -0.00010095990110598618)",0.002074067939854204,0.01666660569741902,"(0.1111109816339505, -0.00015089112086655776)",0.0024074000107210418,0.013333280755401116,"(0.13333313205537214, -0.00020740665818463753)",0.002666658218003784,0.00999995819218787,"(0.1555552691401118, -0.00026886042922973677)",0.0028518426095995924,0.006666637629476915,"(0.1777773969601541, -0.0003336063538373744)",0.002962953229516649,0.003333318456470584,"(0.1999995200032913, -0.00039999835455339786)",0.002999990100572576,3.469446951953614e-18,0.006311499979346991
100.0,100000000000.0,0.01,0.02,0.6000000000000001,"(0.0, -0.0)",0.0,0.08998251371075494,"(0.066666299273548, -0.0001925532344729765)",0.005665501842394872,0.07998256881972274,"(0.13333064417756127, -0.0007405784180965223)",0.01066434910771039,0.06998291708412074,"(0.19999172348848096, -0.0015996212943096585)",0.014996568408889889,0.05998375518748281,"(0.2666488500602281, -0.0027252291676908877)",0.01866219636969594,0.04998518620172074,"(0.333301867084703, -0.004072955455874092)",0.021661273649950977,0.0399872336480495,"(0.39995106545541703, -0.00559836184731658)",0.0239938402913881,0.029989853892442395,"(0.4665970870565199, -0.007257018753912074)",0.0256599314597022,0.01999295065227697,"(0.5332408447432506, -0.009004504489242803)",0.02665957460211512,0.009996386999267361,"(0.5998834247383663, -0.010796403065017649)",0.026992786999881162,3.5561831257524545e-17,0.00776059998315759
100.0,100000000000.0,0.01,0.02,1.0,"(0.0, -0.0)",0.0,0.14977595894340517,"(0.11110640105811598, -0.0008902312149311254)",0.015715867273508464,0.1331099987846878,"(0.2221877377350821, -0.003423578532806694)",0.02958014069520025,0.11644779828314289,"(0.33322722050910836, -0.007393930054251083)",0.04159338977277166,0.09979187586703894,"(0.44421604478560195, -0.012595233254192123)",0.05175639577185068,0.08314355222556491,"(0.5551522408972991, -0.018821650832619215)",0.060070028130645076,0.06650312280881032,"(0.6660395260533493, -0.025867640273926452)",0.06653514008758242,0.0498700300354028,"(0.7768861606227955, -0.03352797035335458)",0.07115248350951336,0.03324303484998588,"(0.8877038068203231, -0.041597687239239046)",0.07392264264030667,0.016620387920356736,"(0.9985063929560383, -0.04987204297939657)",0.0748459869173524,-5.603156827405087e-16,0.012966099980985746
100.0,100000000000.0,0.02,0.01,0.2,"(0.0, -0.0)",0.0,0.11999539250548848,"(0.02222219803392762, -2.8531083280641557e-05)",0.0025184162120198686,0.1066620736851319,"(0.04444426722246014, -0.00010973461854597979)",0.004740537182325814,0.09332883217201239,"(0.06666612152741089, -0.00023702594950509497)",0.00666636527442017,0.07999571958904195,"(0.08888771537385563, -0.00040382047815614575)",0.00829590367077404,0.06666276328117514,"(0.11110903829438679, -0.0006035337776778132)",0.009629155951992851,0.05332996952885641,"(0.13333010987865215, -0.0008295816660861188)",0.010666125656103217,0.03999732657829719,"(0.1555509724069194, -0.0010753802198771713)",0.011406815855832676,0.026664809061336822,"(0.1777716853130602, -0.001334345734796237)",0.011851228945894736,0.013332381317652346,"(0.19999232084248225, -0.0015998946876868126)",0.011999366472417785,-8.638922910364499e-16,0.006395700009306893
100.0,100000000000.0,0.02,0.01,0.6000000000000001,"(0.0, -0.0)",0.0,0.3588900934542333,"(0.06666082606725926, -0.0007678715125568997)",0.022592732345771527,0.3188935978138777,"(0.13329057947831893, -0.0029526607795143513)",0.04251956576028579,0.27891574576724193,"(0.19986846631654107, -0.006375965869735805)",0.05978219443736859,0.23896901366430873,"(0.2663836032190598, -0.010859491641150354)",0.07438294134348743,0.19905993152279747,"(0.3328335798588391, -0.01622532688680131)",0.0863243905522888,0.1591899455389299,"(0.3992230244845284, -0.022296085639239335)",0.09560907698823592,0.11935627876351629,"(0.46556217800909844, -0.028894935871898578)",0.10223923345465856,0.07955278664877426,"(0.5318654784903846, -0.03584553871379058)",0.10621659447693763,0.0397708063600026,"(0.598150155757143, -0.0429719209782079)",0.10754225655423551,-5.247885459525037e-14,0.011419299989938736
100.0,100000000000.0,0.02,0.01,1.0,"(0.0, -0.0)",0.0,0.5865073992093084,"(0.11103903095905691, -0.0034821548523031884)",0.06146500798541659,0.5198839806338743,"(0.22169573925817074, -0.01336968246123705)",0.11553837555805102,0.453489955654406,"(0.3317173474476872, -0.02881891530500389)",0.16225475881678075,0.38747699074069614,"(0.4409748547209216, -0.04899012476846428)",0.2016614305885584,0.32192248637675547,"(0.549443363688511, -0.07305664641565499)",0.23381068507103617,0.25684138099620185,"(0.6571827272932075, -0.10020931873197847)",0.25875354523158234,0.1921977628333839,"(0.764318982095347, -0.1296571677396521)",0.2765347373209837,0.12791600995210028,"(0.8710267179527268, -0.1606252230893863)",0.2871888713584819,0.06389136843767243,"(0.9775123320155141, -0.1923502796939083)",0.29073776684241925,2.7755575615628914e-17,0.015523199981544167
100.0,100000000000.0,0.02,0.02,0.2,"(0.0, -0.0)",0.0,0.014999990999543656,"(0.02222222184425026, -3.566527240808095e-06)",0.00031481461496536955,0.013333324361224887,"(0.04444444163418414, -1.3717411857879513e-05)",0.0005925921947786403,0.011666657876979845,"(0.0666666579806456, -2.9629608020362178e-05)",0.0008333327440766482,0.009999991650995237,"(0.08888887036484616, -5.048006995569976e-05)",0.0010370362700682684,0.008333325722180193,"(0.11111107864950345, -7.54457523125973e-05)",0.001203702779494884,0.006666660100830898,"(0.13333328303885372, -0.00010370361018170199)",0.0013333322784193197,0.0049999947716296315,"(0.1555554840786519, -0.00013443059909560326)",0.001425924772225847,0.003333329693644766,"(0.17777768265617186, -0.00016680367502883278)",0.0014814802656201772,0.0016666648003307721,"(0.19999988000020585, -0.00019999979439786424)",0.0014999987626294676,-4.717719270797005e-13,0.006374299991875887
100.0,100000000000.0,0.02,0.02,0.6000000000000001,"(0.0, -0.0)",0.0,0.04499781330360742,"(0.06666657464381281, -9.629137976625663e-05)",0.002833187665962156,0.03999782020532146,"(0.13333266088427848, -0.0003703500700926795)",0.005333043524383805,0.034997863737286534,"(0.19999793023622897, -0.0007999526411360832)",0.007499570872692516,0.029997968535890242,"(0.2666622104374947, -0.0013628758309864636)",0.009332774306306114,0.02499814752079532,"(0.33332546421121456, -0.002036897147647521)",0.010832658935974274,0.019998403487766325,"(0.3999877615813182, -0.002799795139946746)",0.011999229709720479,0.01499873118500855,"(0.46664926448834604, -0.003629349431396054)",0.012832491075598461,0.009999118466981472,"(0.5333102019361892, -0.0045033406722961)",0.013332446452959165,0.004999548158393241,"(0.5999708440483353, -0.005399550174261714)",0.01349909799205809,-1.771673086015113e-14,0.00886140001239255
100.0,100000000000.0,0.02,0.02,1.0,"(0.0, -0.0)",0.0,0.07497190509198384,"(0.11110993078146511, -0.00044564048587766966)",0.007867251219854647,0.06663866028337395,"(0.22221357954050136, -0.0017139532320399652)",0.014808608826181962,0.058305886626446236,"(0.33330673634550045, -0.0037020135130858235)",0.020824144257629185,0.049973899866071314,"(0.4443871880308466, -0.006306904154239641)",0.02591395536140943,0.041642865989670354,"(0.5554544386873705, -0.009425734796103084)",0.030078151263211856,0.03331282219043106,"(0.6665094153502775, -0.012955652143536014)",0.03331683894859606,0.024983698940713037,"(0.7775541891903907, -0.016793842025274227)",0.0356301127746213,0.016655340902704555,"(0.8885916860409837, -0.020837525082447288)",0.03701804608366823,0.008327528638910077,"(0.9996254012264513, -0.024983947858897005)",0.03748068522856894,4.7704895589362195e-18,0.01833920000353828
100.0,300000000000.0,0.01,0.01,0.2,"(0.0, -0.0)",0.0,0.07999863473323854,"(0.022222211471389572, -1.9021149076971416e-05)",0.0016789820307947314,0.07110975014468271,"(0.044444365620246964, -7.315817221166261e-05)",0.0031604335079565443,0.06222088848513975,"(0.06666642427620223, -0.0001580214069207888)",0.004444355136547114,0.05333206502275765,"(0.08888836738528585, -0.0002692212066655051)",0.005530747865119493,0.044443287779124194,"(0.11111018988849425, -0.000402367982048307)",0.006419612730711547,0.03555455877784081,"(0.13333190045990057, -0.0005530722062013807)",0.007110950799227315,0.026665874549278316,"(0.15555351835256429, -0.0007169444385880953)",0.007604762986678702,0.017777227392212835,"(0.17777506999995818, -0.0008895953009172436)",0.007901049996889313,0.008888606733255266,"(0.1999965868330965, -0.0010666354611239197)",0.00799981227709342,-8.326672684688674e-17,0.00812499999301508
100.0,300000000000.0,0.01,0.01,0.6000000000000001,"(0.0, -0.0)",0.0,0.23966952772629782,"(0.06666406150458928, -0.000512836218359006)",0.015089097303719948,0.21300390312446213,"(0.13331425970407917, -0.00197224109951661)",0.028400645133711443,0.1863438238446662,"(0.1999413078600203, -0.004259509899638931)",0.03993514754181998,0.15969300458228974,"(0.2665403349612946, -0.007255969468918428)",0.049693295944820456,0.13305339374178,"(0.33311025021049534, -0.010843060885426551)",0.05767585978639421,0.10642542764209968,"(0.3996531089361029, -0.014902381773745092)",0.06388359422352269,0.07980828415185667,"(0.46617348015685234, -0.019315695094182954)",0.0683171647596649,0.053200135663556906,"(0.5326778154488588, -0.02396491119276717)",0.0709770885426132,0.026598401546754316,"(0.5991738193157456, -0.02873204965847145)",0.07186369254299467,-3.642919299551295e-16,0.010870400001294911
100.0,300000000000.0,0.01,0.01,1.0,"(0.0, -0.0)",0.0,0.3958584313792875,"(0.11107823638652464, -0.0023517861969065794)",0.04151550606497835,0.35142713682467763,"(0.2219817711636545, -0.009038180596931294)",0.07809753929392123,0.30706572291382567,"(0.3325942147080908, -0.019504068990396764)",0.10975667356426289,0.26282074549605117,"(0.44285521223196656, -0.03319548227466995)",0.13650737946912775,0.21871634648650087,"(0.5527520262104021, -0.04956244258786406)",0.15836572080293823,0.17475762089512667,"(0.6623111786619638, -0.06806038980053707)",0.17534742408959875,0.13093395991450202,"(0.7715902577144768, -0.08815044578054224)",0.18746631692616403,0.08722232829349681,"(0.8806699198458755, -0.10929876939974796)",0.19473312554339173,0.04359046344093735,"(0.989646078448219, -0.13097524209075384)",0.19715462370666337,-4.5102810375396984e-17,0.018292900000233203
100.0,300000000000.0,0.01,0.02,0.2,"(0.0, -0.0)",0.0,0.009999997333439328,"(0.022222222054234568, -2.3776856612083956e-06)",0.0002098764840005863,0.0088888862307276,"(0.044444443195442586, -9.14494467102643e-06)",0.0003950616105349919,0.007777775173667199,"(0.06666666280621458, -1.975308001753968e-05)",0.0005555553809770703,0.0066666641931286,"(0.08888888065597664, -3.365339470610644e-05)",0.0006913577974627896,0.005555553300640496,"(0.11111109668371699, -5.029719186690207e-05)",0.0008024688619896125,0.004444442499253479,"(0.1333333109802091, -6.913577476104783e-05)",0.0008888885763539409,0.0033333317844288753,"(0.15555552378801146, -8.962044678061118e-05)",0.0009506169421511178,0.0022222211440387557,"(0.1777777355014679, -0.00011120251144860533)",0.000987653960775425,0.0011111105583659344,"(0.19999994666670734, -0.00013333327241898968)",0.0009999996334200836,1.03965447362242e-13,0.0057446999999228865
100.0,300000000000.0,0.01,0.02,0.6000000000000001,"(0.0, -0.0)",0.0,0.02999935203998641,"(0.06666662566306114, -6.419607615908611e-05)",0.0018888457231907674,0.026666020756833355,"(0.13333303433437907, -0.00024690756772900236)",0.0035554696798779373,0.02333270032326746,"(0.19999908022306445, -0.000533319297032207)",0.004999872847213575,0.01999939802883319,"(0.2666646859844951, -0.000908616155835963)",0.006222056571394671,0.01666611774076165,"(0.3333298350053662, -0.0013579832361398252)",0.007222022380650646,0.013332860289718099,"(0.3999945606311467, -0.0018666059620215643)",0.00799977175791518,0.009999624008429077,"(0.46665893218967347, -0.002419670062047563)",0.008555305982108534,0.006666405430502731,"(0.5333230518089862, -0.003002361562185801)",0.008888626087984216,0.0033331994495370974,"(0.599987040799749, -0.0035998667074791297)",0.008999732717863626,-1.0460382560140147e-15,0.008779299998423085
100.0,300000000000.0,0.01,0.02,1.0,"(0.0, -0.0)",0.0,0.0499916706326101,"(0.1111105861586319, -0.00029715871135981)",0.005245988835219068,0.044436141324678505,"(0.22221837938042735, -0.0011429036539469307)",0.009874703306699446,0.038880751663588724,"(0.3333215063909563, -0.0024686347114222422)",0.013886164570330348,0.03332559531306229,"(0.44441898450875067, -0.004205753890375513)",0.017280401664039383,0.027770721407172565,"(0.55551059038792, -0.006285671233694474)",0.020057446904173788,0.02221614111321411,"(0.6665967389813918, -0.008639807760645341)",0.022217332051120708,0.016661833683540517,"(0.7776783480855876, -0.011199596019362771)",0.02376008504329391,0.011107753228330729,"(0.8887567218099616, -0.013896479020355245)",0.024685727658872947,0.005553834542112024,"(0.9998334126492164, -0.01666190730604887)",0.024994273624367593,1.4929377178951597e-13,0.010669900017092004
100.0,300000000000.0,0.02,0.01,0.2,"(0.0, -0.0)",0.0,0.03999982933541375,"(0.022222219534442138, -9.510702617967146e-06)",0.0008395023833403794,0.03555538542852532,"(0.04444442467157914, -3.657961394502359e-05)",0.001580239372430051,0.031110944401097917,"(0.06666660585366538, -7.901193573322382e-05)",0.002222211056183774,0.02666650816468067,"(0.08888875841029101, -0.00013461287077708262)",0.0027654175587411697,0.022222077653355543,"(0.11111088095061573, -0.00020118763011949157)",0.0032098590052122675,0.017777653145290586,"(0.13333297525641868, -0.00027654143345817554)",0.0035555355196771987,0.013333234284129976,"(0.15555504625024344, -0.00035847950915137144)",0.0038024472243981255,0.00888882008536506,"(0.1777771007729993, -0.0004448070943488285)",0.003950594211536985,0.004444409180813888,"(0.19999914667706886, -0.000533329432678143)",0.003999976534131655,-2.0816681711721685e-17,0.005941500014159828
100.0,300000000000.0,0.02,0.01,0.6000000000000001,"(0.0, -0.0)",0.0,0.11995856889809439,"(0.06666601386631696, -0.0002566968558569352)",0.007552795690850972,0.106625366124831,"(0.13332855409143288, -0.0009872697347591078)",0.0142167311072973,0.09329285807980782,"(0.1999852918417636, -0.0021324360371899427)",0.019991869408092246,0.07996151052974168,"(0.26663500396257295, -0.0036329170726368872)",0.024878297204095942,0.0666315681055798,"(0.3332774156963408, -0.005429448445314917)",0.028876111055936154,0.05330308575882624,"(0.3999130393692818, -0.007462785426019579)",0.03198540557205553,0.039975961024238046,"(0.46654302143108084, -0.00967370405680965)",0.034206264324237685,0.026649964611878248,"(0.5331689782820341, -0.012002998827189587)",0.035538752131074706,0.013324773241687586,"(0.5997928444904721, -0.014391478054563932)",0.03598291006067275,-1.3877787807814457e-17,0.008721599995624274
100.0,300000000000.0,0.02,0.01,1.0,"(0.0, -0.0)",0.0,0.19947069033171497,"(0.11110275784013918, -0.0011855328940949745)",0.02092888936666009,0.17725013876368712,"(0.2221610723048345, -0.004558826181219445)",0.03938925295873348,0.15503847587074807,"(0.33314519402177745, -0.009844704181951942)",0.05538243710504091,0.13284165152735947,"(0.4440395436342838, -0.01676813246198506)",0.0689102879530782,0.11066278160485819,"(0.5548406612276153, -0.025054585053071503)",0.07997485944332779,0.08850255808619187,"(0.665555158940216, -0.0344302319833723)",0.08857816669399114,0.06635965854367175,"(0.7761976841844989, -0.044621977549784794)",0.09472198484203437,0.0442311534948152,"(0.8867888956518584, -0.05535737990970215)",0.09840769299925052,0.02211291120134326,"(0.9973534516586628, -0.066364482148808)",0.09963616304045113,-1.7642137750684128e-14,0.011825500027043745
100.0,300000000000.0,0.02,0.02,0.2,"(0.0, -0.0)",0.0,0.004999999666673204,"(0.022222222180225296, -1.188843080763246e-06)",0.00010493826420362787,0.004444444112167572,"(0.0444444441321948, -4.572473365078618e-06)",0.00019753084946472522,0.0038888885633683343,"(0.06666666570155444, -9.876542409584514e-06)",0.0002777777559550206,0.003333333024134344,"(0.08888888683066043, -1.6826701773078418e-05)",0.00034567898394151055,0.0027777774959066937,"(0.11111110750426058, -2.5148603029959792e-05)",0.0004012345336738798,0.002222221979066689,"(0.1333333277450487, -3.4567897770996334e-05)",0.0004444444053766798,0.0016666664730469868,"(0.1555555476136646, -4.481023760332403e-05)",0.0004753085992493287,0.0011111109763315878,"(0.1777777672086942, -5.5601274150447113e-05)",0.0004938271154661112,0.0005555554864558488,"(0.19999998666666935, -6.666665905223806e-05)",0.0004999999541761789,6.468783841917514e-15,0.004534999985480681
100.0,300000000000.0,0.02,0.02,0.6000000000000001,"(0.0, -0.0)",0.0,0.014999919001249692,"(0.06666665631496088, -3.209858444326601e-05)",0.0009444390477303661,0.01333325259337567,"(0.133333258306007, -0.0001234560410867274)",0.001777767041580914,0.011666587543599517,"(0.1999997700937325, -0.0002666649123688206)",0.0024999841079790678,0.00999992474890638,"(0.26666617172951823, -0.00045431775921904146)",0.0031110904071722113,0.008333264708011736,"(0.3333324588339271, -0.000679007164105716)",0.003611086129962639,0.006666607530401518,"(0.39999863974280014, -0.0009333257434947226)",0.003999971467089257,0.004999953007679692,"(0.46666473289156296, -0.0012098661639284333)",0.004277746580474079,0.0033333006789606216,"(0.5333307630381042, -0.001501221121340492)",0.004444411594244998,0.0016666499252970925,"(0.5999967600499885, -0.0017999833379011537)",0.00449996658840933,-9.540979117872439e-18,0.0063603000016883016
100.0,300000000000.0,0.02,0.02,1.0,"(0.0, -0.0)",0.0,0.024998958457315062,"(0.11111097958766392, -0.00014859889242286057)",0.002623341152487382,0.022221183967623463,"(0.22222126143379323, -0.0005715323515157207)",0.004938041541745121,0.01944342692147023,"(0.3333303756982944, -0.0012345052421575105)",0.006944103781447984,0.016665699064857705,"(0.4444380768702071, -0.002103222623587677)",0.008641531528194496,0.013888006535559886,"(0.5555443113403367, -0.003143390589109173)",0.010030328830584934,0.011110350673806647,"(0.6666491788542985, -0.0043207166073203985)",0.011110499617400287,0.0083327289859576,"(0.7777529112600297, -0.005600909564386587)",0.011882047425100342,0.005555135675814322,"(0.8888558359710256, -0.0069496797172149925)",0.012344974965264238,0.0027775625580394245,"(0.999958338292873, -0.008332738176836054)",0.01249928394272484,-6.7671562797855245e-15,0.007558399986010045
1000.0,100000000000.0,0.01,0.01,0.2,"(0.0, -0.0)",0.0,2.364667043766807,"(0.022212841691987152, -0.000561806378049935)",0.049585830095961014,2.098112943462961,"(0.044375867095688894, -0.0021583564559385375)",0.09325394693704135,1.8321566386185404,"(0.06645597799452392, -0.00465578363126742)",0.13102243171413372,1.56719530783252,"(0.0884361082094487, -0.007920620109831418)",0.162915999211986,1.3034337452534226,"(0.11031276491763438, -0.011820762414277004)",0.18896205098352,1.0409138647551948,"(0.13209359647377086, -0.016225950310727256)",0.2091873813359787,0.779543886081557,"(0.15379502512072582, -0.021007850484830035)",0.22361552319446706,0.5191267423180977,"(0.17543996007260923, -0.0260398330427456)",0.23226471531767665,0.2593875228954965,"(0.19705558698056722, -0.03119652474531775)",0.23514646894977462,1.3183898417423734e-15,0.01790800000890158
1000.0,100000000000.0,0.01,0.01,0.6000000000000001,"(0.0, -0.0)",0.0,4.685539639720767,"(0.06571989806668983, -0.009753951148697483)",0.28589742001711055,3.89690086292049,"(0.12678810287216363, -0.03611130738975738)",0.5208520052717811,3.1640824052548044,"(0.18101053695165462, -0.07472727079105063)",0.7096168531765155,2.5134131963009128,"(0.22803728902538647, -0.12189497890587654)",0.8579014553173004,1.9490921714161304,"(0.26854829154492016, -0.17479628291302288)",0.9712373514716796,1.462960141181727,"(0.30370391051303264, -0.23141752864011492)",1.0543922742793628,1.0410927135643777,"(0.3348371733269588, -0.2903579273078558)",1.1111224973063247,0.6674935597972648,"(0.36330950337554335, -0.3506353321177865)",1.144100764418738,0.32582559921425036,"(0.3904616366433972, -0.41152178326197353)",1.1549177601567169,3.823330541052883e-15,0.03651999999419786
1000.0,100000000000.0,0.01,0.01,1.0,"(0.0, -0.0)",0.0,4.8857667547560855,"(0.10674569537912942, -0.026927029648817213)",0.47031455382379733,3.6048184102065335,"(0.194790514192508, -0.09382917668926428)",0.8096429635590173,2.548280584445991,"(0.26057862200354653, -0.1830482872302248)",1.0465851863310311,1.7588232907135288,"(0.3076391633198571, -0.28356684312566544)",1.2088292635923106,1.1940967949178023,"(0.3408461582432174, -0.389541947466899)",1.3180855549655726,0.7956128558374775,"(0.364458978711342, -0.49809064655698254)",1.3898813813266806,0.5122590102199825,"(0.3817846758532192, -0.6078332245447731)",1.4347034178843954,0.30435064451745586,"(0.39534501928693666, -0.7181109519014018)",1.459180756006266,0.14162652331284525,"(0.40714722956313365, -0.8285931711621469)",1.4669537155526964,-1.5186617154799853e-12,0.05430339998565614
1000.0,100000000000.0,0.01,0.02,0.2,"(0.0, -0.0)",0.0,0.2999280493278663,"(0.022222071107299325, -7.131259012783199e-05)",0.0062946986761333885,0.26659494266691736,"(0.044443337827622206, -0.0002742742158623481)",0.011848673160320684,0.23326304258643302,"(0.06666326116751077, -0.0005924194501772591)",0.01666196003375019,0.1999331575766002,"(0.08888155763283566, -0.0010092836481275728)",0.020734609435838734,0.16660571287861287,"(0.11109816372001527, -0.0015084049117882452)",0.024066677234508175,0.1332808037478435,"(0.1333131978351777, -0.0020733251309737965)",0.026658218230662455,0.0999582525750998,"(0.1555269257752656, -0.002687590228713825)",0.02850928079463661,0.0666376606649679,"(0.17773972136869762, -0.0033347496543615117)",0.0296199024313529,0.03331846727481992,"(0.19995203288492847, -0.003998355550891452)",0.029990106940996623,4.736419589868035e-13,0.006051000003935769
1000.0,100000000000.0,0.01,0.02,0.6000000000000001,"(0.0, -0.0)",0.0,0.8834108603062382,"(0.06663133042521932, -0.0018885794147522812)",0.05556162320293571,0.7834638646684091,"(0.1330751131035232, -0.007253477872314949)",0.10446817788872872,0.6837981906509532,"(0.19920702946760702, -0.015641080883937154)",0.14674517811134713,0.5846003161048275,"(0.26496329155750864, -0.02659948645506421)",0.18242746523609493,0.4859659229699751,"(0.3303311966516123, -0.039682566427826166)",0.21155362611156073,0.3879140653288196,"(0.39533981048212785, -0.05445196145330254)",0.2341613533211828,0.2904011445830462,"(0.46005096024980513, -0.07047741046120194)",0.2502837209684267,0.19333441993153033,"(0.5245506070797519, -0.08733579569740214)",0.25994634363592156,0.09658494968661036,"(0.5889405735374923, -0.10460926049008716)",0.26316537897083153,-3.400058012914542e-16,0.01562360001844354
1000.0,100000000000.0,0.01,0.02,1.0,"(0.0, -0.0)",0.0,1.338087748947772,"(0.11073937641889484, -0.007904170425835116)",0.1394329556331781,1.17197868431943,"(0.219535824461135, -0.030128567698928146)",0.2605491576458968,1.0087840122560698,"(0.32517985029363444, -0.06439305560072935)",0.3637835572844974,0.8503179735073207,"(0.42713186154419014, -0.10848237718498623)",0.449714779955781,0.6973899566314872,"(0.5253728955318091, -0.16034220785277944)",0.5189659750296532,0.5500284056500586,"(0.6202682145061884, -0.21811457653314328)",0.572129682588711,0.4076854271884898,"(0.7124531801148651, -0.2801319481793201)",0.6097136392813153,0.26940797877547445,"(0.8027424021749398, -0.34488544951303185)",0.6321036382864826,0.13397414568536248,"(0.8920584992985217, -0.4109782112506436)",0.6395398261093576,-1.0293849106446373e-14,0.0232819999800995
1000.0,100000000000.0,0.02,0.01,0.2,"(0.0, -0.0)",0.0,1.1954418462790317,"(0.022219822261167636, -0.00028418212181056707)",0.02508397426601628,1.0621229127120262,"(0.04442687800684454, -0.001092692793593272)",0.047206037068952454,0.9288805782379647,"(0.06661262762061841, -0.002359403802688959)",0.06636850847045997,0.7957660805553215,"(0.08877260557250642, -0.004018235848484004)",0.08257456897094187,0.6628062128439933,"(0.11090582738519576, -0.006003284877333072)",0.09582775581587055,0.5300068819678574,"(0.13301419821520882, -0.008248886383020146)",0.10613153830478185,0.39735665698777894,"(0.15510192571584555, -0.010689628365494024)",0.11348897172406834,0.2648302919839585,"(0.1771749381996898, -0.013260323535725847)",0.11790242920865122,0.13239221708089302,"(0.19924030771317225, -0.015895951154322952)",0.11937341079813818,-1.5543122344752192e-15,0.008481600001687184
1000.0,100000000000.0,0.02,0.01,0.6000000000000001,"(0.0, -0.0)",0.0,2.963146153153515,"(0.06627637592081301, -0.006270890562753574)",0.18424962848121124,2.565487897628637,"(0.13054125269650613, -0.023741426765844082)",0.3423373799230977,2.1798986369744773,"(0.19161442737814352, -0.05034900802178892)",0.4753315725269839,1.8134595888846534,"(0.24904248224984402, -0.0841430866611814)",0.5846203207806046,1.4688912596544503,"(0.30289647616951, -0.12340356387543122)",0.6716618237429359,1.145767296136455,"(0.35359966898953243, -0.16667028007792029)",0.7378103667969672,0.8415481392163202,"(0.40179757029764085, -0.21272033826880993)",0.7842028503805073,0.55236073136767,"(0.44826737745997114, -0.26051908003244606)",0.8116891836979134,0.27354188839368865,"(0.4938576921922525, -0.3091599571152526)",0.8207925000312727,3.0531133177191805e-16,0.028679000010015443
1000.0,100000000000.0,0.02,0.01,1.0,"(0.0, -0.0)",0.0,3.3924670278344644,"(0.10886325435210817, -0.0193844593952094)",0.34029095449872476,2.7392875017218152,"(0.20705639314567215, -0.07065337583068268)",0.6111564231514285,2.1501286689604315,"(0.2903687549421279, -0.14386079628265358)",0.8214354720883152,1.6502544981816971,"(0.35891775394203224, -0.23115626976278525)",0.9811740742517816,1.2389605041822707,"(0.4147980726830922, -0.3271180279352629)",1.0995793181195217,0.9036785917359106,"(0.46073504448737035, -0.4282521408085963)",1.1842009718067166,0.628056760910242,"(0.49947322187453513, -0.5323758161276066)",1.2407457041509256,0.395627696587253,"(0.5335741928727485, -0.638119451494264)",1.273147265462315,0.19102187059797218,"(0.5654111713057468, -0.7445711488991487)",1.2836972856838818,-1.7388868123191514e-14,0.03969959999085404
1000.0,100000000000.0,0.02,0.02,0.2,"(0.0, -0.0)",0.0,0.14999100154250494,"(0.022222184429718485, -3.5663043776672256e-05)",0.003147948343097609,0.1333243632202161,"(0.04444416760475238, -0.00013716493242901695)",0.0059255283793467305,0.11665787583894066,"(0.06666581496908232, -0.00029627464136129623)",0.008332744710679636,0.0999916403156932,"(0.08888705529251834, -0.0005047612579872336)",0.010369603560814915,0.08332571007311618,"(0.11110787258438914, -0.0007543941986599796)",0.012036111946383215,0.06666009710421308,"(0.13332829720529704, -0.0010369433680309532)",0.013332276741809075,0.04999477863853215,"(0.15554839456304886, -0.0013441791594558895)",0.014258103937794985,0.03332970562021827,"(0.17776825887369, -0.00166787241889887)",0.014813598277386007,0.016664807387237444,"(0.19998800205667858, -0.001999794325686807)",0.014998762718281228,-4.0245584642661925e-15,0.005569000000832602
1000.0,100000000000.0,0.02,0.02,0.6000000000000001,"(0.0, -0.0)",0.0,0.4478428305170906,"(0.06665757349551707, -0.0009581063202919541)",0.02818963772091515,0.39784965039545284,"(0.13326678282845408, -0.003683681559941371)",0.053047435982071914,0.34789274339575005,"(0.1997952964760045, -0.007953292670280464)",0.07457669034416418,0.2979963581600873,"(0.26622622896448983, -0.013543715882282648)",0.0927819173943216,0.24817315879372326,"(0.3325558815587827, -0.020232474160947898)",0.10766813890763936,0.19842591934800363,"(0.39879149074765113, -0.027798110123901723)",0.11924027885464678,0.14874921245635234,"(0.4649489972063977, -0.03602024039064729)",0.12750267254557868,0.0991310826122924,"(0.5310508398017786, -0.044679436753454795)",0.1324586866580074,0.04955470066575673,"(0.5971237740224056, -0.053556978709723084)",0.1341104489649527,2.8656764461398865e-13,0.011200600012671202
1000.0,100000000000.0,0.02,0.02,1.0,"(0.0, -0.0)",0.0,0.724525263721367,"(0.11100124132585434, -0.004298865403465493)",0.07587550810688612,0.6412743327269763,"(0.22142078386730046, -0.016490391711817952)",0.14252177026318205,0.5584596758208917,"(0.33087686642377534, -0.03550734926484452)",0.20000459699391462,0.47636761390353566,"(0.4391777047631285, -0.06029031683502064)",0.24841347652512463,0.3951419851490207,"(0.5462897141792992, -0.08980464421455822)",0.2878470677278314,0.3148079780868928,"(0.6523065339618036, -0.12304845880004388)",0.318401317506045,0.23529536325001452,"(0.7574198882182759, -0.15905364523146973)",0.3401600880410024,0.15646034755766028,"(0.86189261250649, -0.19688158501485825)",0.35318812148276896,0.07810580434149969,"(0.9660336849618218, -0.2356152313856723)",0.3575261669210388,8.066464163292153e-16,0.017301300016697496
1000.0,300000000000.0,0.01,0.01,0.2,"(0.0, -0.0)",0.0,0.798641282362025,"(0.022221150868273448, -0.00018987501310475005)",0.016759953956453313,0.7097566788889312,"(0.04443660084272322, -0.0007301944576116154)",0.03154491226056757,0.6208948789911322,"(0.066642531678011, -0.0015769775564744638)",0.04435556579727447,0.532071155649981,"(0.08883694130516184, -0.002686257978143489)",0.05519286209783693,0.44329351714137766,"(0.11101938253143033, -0.004014121558388591)",0.0640578557282357,0.3545637522363037,"(0.13319070155370824, -0.005516725667506649)",0.07095158162554031,0.2658784761471921,"(0.15535277699932643, -0.007150303145697766)",0.0758749515795396,0.17723017436471938,"(0.17750826089669264, -0.008871154102123842)",0.07882867409328574,0.08860823877525455,"(0.1996603205905063, -0.010635628591194919)",0.07981319721535766,-1.6653345369377348e-16,0.008450599998468533
1000.0,300000000000.0,0.01,0.01,0.6000000000000001,"(0.0, -0.0)",0.0,2.156257017391099,"(0.06645800444224557, -0.004587257282518018)",0.13487576539409446,1.8904249996221167,"(0.13182410219885815, -0.01749556881459791)",0.25215507049960034,1.6289606085956663,"(0.1954151988017256, -0.037418113900718156)",0.3522294029839126,1.3745962221841965,"(0.2569229760542232, -0.06308251944076149)",0.4356206166290784,1.128565113174206,"(0.3163322350583001, -0.09330349643089286)",0.5028919279468251,0.8909280771578988,"(0.3738458256285811, -0.12700276597765148)",0.5545799844082904,0.6608737148767749,"(0.42982122609168255, -0.16320639285589186)",0.591145454214236,0.43697211302436945,"(0.48471942525498923, -0.20102774944867272)",0.6129388676224985,0.21737931637114255,"(0.5390642543477752, -0.23964203817795926)",0.6201786376778483,-1.1657341758564144e-15,0.022903200006112456
1000.0,300000000000.0,0.01,0.01,1.0,"(0.0, -0.0)",0.0,2.6842350309468173,"(0.10966628437580667, -0.0155586773133559)",0.27372195671212646,2.2455698934435904,"(0.21218467218885906, -0.0577845650059386)",0.5000949469439049,1.835496342191381,"(0.3040694331858391, -0.11998117672779648)",0.6831991630663916,1.4679572982034612,"(0.384644983488865, -0.1963468010011268)",0.827990933783185,1.1456550969913577,"(0.45486587012913965, -0.28238143449915803)",0.9393269884517975,0.8647715504302592,"(0.5164939484569363, -0.37479745540980863)",1.0214368723974647,0.6182592371190728,"(0.5716180866442178, -0.47125339610912187)",1.0776818294462487,0.39776268436994683,"(0.6224154262294245, -0.5700673436732263)",1.1104695219144785,0.19457332602912003,"(0.6710587577367043, -0.6699641812816572)",1.1212393473717641,0.0,0.03938130001188256
1000.0,300000000000.0,0.01,0.02,0.2,"(0.0, -0.0)",0.0,0.09999733353648685,"(0.022222205424383357, -2.3776196212590643e-05)",0.002098706224964378,0.08888623082429517,"(0.04444432133980728, -9.14467253497969e-05)",0.003950499478622387,0.07777517286658321,"(0.06666628804695876, -0.00019752444815173006)",0.005555381132744447,0.06666418951300747,"(0.08888807398074969, -0.00033652225855076556)",0.006913353031126451,0.055553296546112005,"(0.11110967166542708, -0.0005029531540977907)",0.008024417231024436,0.04444249770377332,"(0.13333109457139045, -0.0006913302650440122)",0.008888575790120444,0.03333178625079164,"(0.15555237271348393, -0.0008961668839326891)",0.009505830498774197,0.02222114717974489,"(0.17777354685351418, -0.0011119764195192169)",0.00987618272358872,0.011110560109729758,"(0.1999946670729742, -0.0013332723866252842)",0.009999633363291089,-2.445960101127298e-16,0.005523300002096221
1000.0,300000000000.0,0.01,0.02,0.6000000000000001,"(0.0, -0.0)",0.0,0.2993559672698373,"(0.06666260270403862, -0.000640525321788855)",0.01884598784574462,0.26602466591781804,"(0.13330358159652153, -0.0024631577621522026)",0.03547019866023499,0.2327041764715766,"(0.1999084576932254, -0.005319386622742203)",0.04987361505589986,0.19940173842322464,"(0.2664696440568418, -0.009060762882964432)",0.06205758470246178,0.16612114524141644,"(0.3329854503646799, -0.01353906025903599)",0.07202360710994465,0.13286324208749736,"(0.3994590893734812, -0.018606357416603988)",0.0797731536300426,0.09962642258309673,"(0.46589768755516836, -0.024115054858209122)",0.08530752055933133,0.06640712349225313,"(0.5323113008438497, -0.029917839799930616)",0.08862771510598799,0.033200316847912525,"(0.598711934539687, -0.035867612093712656)",0.08973437405398785,-6.144390551909851e-15,0.010065500013297424
1000.0,300000000000.0,0.01,0.02,1.0,"(0.0, -0.0)",0.0,0.4920405187625719,"(0.1110603477727617, -0.0029223328022962925)",0.05158546657064429,0.436510344876191,"(0.2218511632997856, -0.011226018904722322)",0.09700735201265015,0.3811149371126791,"(0.33219350008760656, -0.024212931080314026)",0.13628603359877584,0.32594376871876857,"(0.4419952362246345, -0.04118719857400326)",0.16944935702993205,0.27104290065025466,"(0.5512376804136341, -0.061460638646081714)",0.19652818369472433,0.21642167855575478,"(0.659962340701314, -0.08435544069161438)",0.21755268114968682,0.16205934841191486,"(0.7682580697458601, -0.10920462668193927)",0.23254933696963784,0.1079114838896418,"(0.8762486872680537, -0.13535078898225977)",0.241538675273898,0.05391617512854502,"(0.9840810375251436, -0.16214357566445844)",0.24453364713598533,3.469446951953614e-17,0.017367899999953806
1000.0,300000000000.0,0.02,0.01,0.2,"(0.0, -0.0)",0.0,0.3998295410546935,"(0.022221953675284956, -9.506481031580093e-05)",0.008391276791521213,0.35538563370412357,"(0.044442478013030966, -0.0003656220875162714)",0.015794938491534113,0.3109445850286316,"(0.0666606150063151, -0.000789713270378872)",0.0222110717076131,0.26650831104206335,"(0.08887586166695487, -0.0013453816005198093)",0.027639795348093327,0.2220778177207838,"(0.11108810427967024, -0.0020106768736736645)",0.03208124160099811,0.17765333249535306,"(0.13329755493712167, -0.002763657857230035)",0.03553554049889346,0.13323443118045017,"(0.1555046837751571, -0.0035823927883859292)",0.03800280637982178,0.08882017350437929,"(0.17771015745792645, -0.004444958418806551)",0.03948312833297897,0.044409226138840616,"(0.19991477052734677, -0.0053294377065302425)",0.03997656255514461,1.0408340855860843e-17,0.009248900023521855
1000.0,300000000000.0,0.02,0.01,0.6000000000000001,"(0.0, -0.0)",0.0,1.1621634415849493,"(0.06660559126805993, -0.0024827257769548024)",0.07303519107579554,1.0289522590488296,"(0.1328876963943919, -0.009525560273228872)",0.13720819326380568,0.8963880487961656,"(0.1986336781714118, -0.020515308203748167)",0.19257758172393455,0.7648960852421257,"(0.2637363519608226, -0.03484290695135887)",0.2392230597218639,0.6346907376633042,"(0.3281765338777007, -0.05191252706797394)",0.27723256234014343,0.505810373829548,"(0.3920059953363662, -0.07114589593611216)",0.3066916671361852,0.37815145091221697,"(0.45533136142979747, -0.09198285655505792)",0.3276752189321639,0.2515007187253546,"(0.5182991295937592, -0.11387910564488449)",0.34024102775002724,0.12556518239743114,"(0.5810817207924746, -0.13630194594629408)",0.34442549216387713,1.8041124150158794e-16,0.018899999995483086
1000.0,300000000000.0,0.02,0.01,1.0,"(0.0, -0.0)",0.0,1.6787165583088035,"(0.11052988605999099, -0.009880432365096179)",0.17421136559982325,1.4576567861888214,"(0.21805369286667348, -0.03747016037829569)",0.3241497515647895,1.2426091725754569,"(0.32078103184203877, -0.07961633875937507)",0.450704686924669,1.0371544946247262,"(0.4179961288592345, -0.13331648077679661)",0.5550387802796671,0.8427243005903348,"(0.5097731793051407, -0.195890467977813)",0.6383808960565273,0.6591701996985224,"(0.5967296576384657, -0.26502872075989165)",0.7018789806846196,0.48525724303187223,"(0.679835615532726, -0.33876491048231855)",0.74650158213538,0.31904532724335183,"(0.760276534090289, -0.41540831535068506)",0.7729756415974077,0.15816349012822586,"(0.839358279154402, -0.49345748039662196)",0.7817498314874319,-1.3877787807814457e-16,0.02905730000929907
1000.0,300000000000.0,0.02,0.02,0.2,"(0.0, -0.0)",0.0,0.049999666673015634,"(0.022222218022586896, -1.1888348252936416e-05)",0.0010493753147346563,0.04444411216736891,"(0.04444441359671041, -4.5724393760263e-05)",0.0019752939140777327,0.03888856327383803,"(0.06666657181755642, -9.876463092764528e-05)",0.002777755971409843,0.03333302371862653,"(0.08888868514065512, -0.00016826555690166548)",0.003456761724307104,0.027777495387851864,"(0.11111075139926871, -0.0002514836844683252)",0.004012311418667585,0.02222197882319847,"(0.13333277368210691, -0.00034567554274097986)",0.0044444053056654585,0.01666647325248894,"(0.15555475975728827, -0.00044809767783235297)",0.00475304362383324,0.011110976733693559,"(0.17777671997343023, -0.0005560066543351897)",0.004938226541620193,0.005555486679658073,"(0.19999866669206257, -0.0006666590480165643)",0.004999954168074054,-6.938893903907228e-18,0.00585230000433512
1000.0,300000000000.0,0.02,0.02,0.6000000000000001,"(0.0, -0.0)",0.0,0.14991912472113889,"(0.06666564716636136, -0.00032080558024733186)",0.009439057078043621,0.13325271292954854,"(0.1333258688810614, -0.0012338171813575359)",0.017767058889248174,0.11658765750087353,"(0.19997702891813468, -0.002664915122271567)",0.02498412876555999,0.0999248674916052,"(0.2666172170988272, -0.004539987451449115)",0.03109043578604918,0.08326482044643209,"(0.33324600492896395, -0.006784950084877698)",0.03608616836309453,0.0666076234888979,"(0.3998641942864224, -0.00932575731375903)",0.039971511332671746,0.04995307614953329,"(0.46647357299705017, -0.012088403941627617)",0.04274662759872809,0.033300731471876364,"(0.5330766686069598, -0.014998920916624536)",0.044411643849598365,0.01664995756939896,"(0.5996764988845557, -0.017983365918157423)",0.04496664013293005,6.938893903907228e-18,0.009586599975591525
1000.0,300000000000.0,0.02,0.02,1.0,"(0.0, -0.0)",0.0,0.24897054539696797,"(0.1110980993623869, -0.001479615875128021)",0.026120276004853064,0.22119602055637125,"(0.22212698577125833, -0.005689049944341764)",0.049155319899864436,0.1934387989541534,"(0.3330403712384524, -0.012283760355710422)",0.06910775203226868,0.16571045258735487,"(0.44381406054243727, -0.020919481851374006)",0.08598116421570866,0.13801703026135864,"(0.5544427305644152, -0.03125293876567513)",0.09977955079578749,0.11035986275586418,"(0.6649367188715682, -0.04294220772145983)",0.11050682905995243,0.08273636567907591,"(0.7753188373184104, -0.05564679043042221)",0.11816644854286568,0.05514083606736539,"(0.8856212167557105, -0.06902745652629641)",0.12276108841962265,0.027565241208040363,"(0.995882181588832, -0.08274591535875861)",0.12429244211680182,-2.4002327903005494e-13,0.016320399998221546
